Title	Author	Publishig	Price	Old price	Discount
A Ride To Freedom	Tuffin Olivia	Nosy Crow:A Pony Called Secret	1075	1792	40
The Phantom Lollipop Man	Butchart Pamela	Nosy Crow:Baby Aliens	1075	1792	40
Murder at Twilight	Hitchcock Fleur	Nosy Crow	1254	1792	30
Floodworld	Huddleston Tom	Nosy Crow:Floodworld	1433	2047	30
The Messy Meerkat	Cobb Amelia	Nosy Crow:Zoe`s Rescue Zoo	920	1534	40
Anna at War	Peters Helen	Nosy Crow	1433	2047	30
Violet and Twinkle	Sykes Julie	Nosy Crow:Unicorn Academy: Where Magic Happens	1074	1534	30
The Life and Time of Lonny Quicke	Applebaum Kirsty	Nosy Crow	1433	2047	30
The Insiders	Howe Cath	Nosy Crow	1331	2047	35
A Puppy Called Sparkle	Peters Helen	Nosy Crow:Jasmine Green	1165	1792	35
Ellis and Pathseeker	Chisholm Alastair	Nosy Crow:Dragon Storm	1075	1792	40
Шахматы в школе. 2 класс. Учебник. ФГОС	Прудникова Екатерина Анатольевна	Просвещение:Шахматы в школе	838	1289	35
The Super Scooter	Scheffler Axel	Nosy Crow:Peekaboo	1075	1792	40
Weasels	Dolan Elys	Nosy Crow	1228	2047	40
Nuts in Space	Dolan Elys	Nosy Crow	1165	1792	35
Box	Flyte Min	Nosy Crow	1843	3072	40
The Best Kind of Bear	Gormley Greg	Nosy Crow	1075	1792	40
Octopus Shocktopus!	Bently Peter	Nosy Crow	1075	1792	40
Incredible Jobs You’ve (Probably) Never Heard Of	Labarre Natalie	Nosy Crow	2303	3838	40
An Owl Called Star	Peters Helen	Nosy Crow:Jasmine Green	920	1534	40
On Your Marks, Get Set, Gold!	Allen Scott	Nosy Crow	1791	2559	30
Isla and Buttercup	Sykes Julie	Nosy Crow:Unicorn Academy: Where Magic Happens	1074	1534	30
Super Milly and the Super School Day	Clarkson Stephanie	Nosy Crow	1254	1792	30
Everything You Know About Dinosaurs is Wrong!	Crumpton Nick	Nosy Crow:Everything You Know About	1996	3326	40
Out of Nowhere	Naylor-Ballesteros Chris	Nosy Crow	1254	1792	30
A Chase In Time	Nicholls Sally	Nosy Crow:In Time	1254	1792	30
Lily and Feather	Sykes Julie	Nosy Crow:Unicorn Academy: Where Magic Happens	997	1534	35
Sienna and Sparkle	Sykes Julie	Nosy Crow:Unicorn Academy: Where Magic Happens	997	1534	35
Ruffles and the Red, Red Coat	Melling David	Nosy Crow:Ruffles	1075	1792	40
National Trust. Beatrix and Her Bunnies	Colby Rebecca	Nosy Crow:National Trust	1254	1792	30
How to Count to ONE	Salmon Caspar	Nosy Crow	1165	1792	35
Everything You Know About Minibeasts is Wrong!	Crumpton Nick	Nosy Crow:Everything You Know About	2328	3326	30
"Выбирая себя. Как выйти из отношений, в которых ""все сложно"""	Оксанен Екатерина Олеговна	Феникс:Дело не во мне	718	920	22
Моя геройская академия. Книга 15. Пробуждение Кацуки Бакуго. Танец Даби	Хорикоси Кохэй	Азбука:Графические романы. Манга	906	1241	27
Учебник по Денверской модели раннего вмешательства для детей с аутизмом. Развиваем речь	Доусон Джеральдин		1609	2476	35
Идёт работа. Учебный план интенсивной поведенческой терапии при аутизме	Author not specified		1704	2621	35
Идо в стране Аутизма. Выбираясь из плена безмолвия	Author not specified		568	874	35
Лучше один раз увидеть…. Селфи-видеомоделирование для людей с аутизмом и другими особенностями	Author not specified		211	325	35
Синдром Аспергера. Что полезно знать школьным учителям	Author not specified		568	874	35
Вместе - веселее! Как стать другом однокласснику с аутизмом	Author not specified		284	437	35
Очарованный странник. Леди Макбет Мценского уезда	Лесков Николай Семенович	Азбука:Русская литература. Большие книги	761	1171	35
Малазанская книга павших. Книга 4. Дом Цепей	Эриксон Стивен	Азбука:Звезды новой фэнтези	1082	1665	35
Рассказы о животных	Сетон-Томпсон Эрнест	Иностранка:Иностранная литература. Большие книги	941	1448	35
Профессионализм педагога. Ответы на вызовы современности	Ямбург Евгений Александрович	Просвещение:Педагогический нон-фикшн	424	653	35
Лондон. Путешествие по королевству богатых и бедных	Эно Луи	Азбука:Non-Fiction. Большие книги	761	1171	35
Счастье полного здоровья	Сытин Георгий Николаевич	Весь:Создание вечной молодости	304	507	40
Молодым можно жить тысячи лет. Книга 1	Сытин Георгий Николаевич	Весь:Создание вечной молодости	304	507	40
Бессмертие	Сытин Георгий Николаевич	Весь:Создание вечной молодости	437	728	40
Окружающий мир. 1 класс. ВПР КИМ. ФГОС	Тихомирова Елена Михайловна	Экзамен:КИМ ВПР	112	173	35
Королевская кровь. Медвежье солнце. Темное наследие	Котова Ирина Владимировна	Эксмо:Королевская кровь. Бестселлеры Ирины Котовой	959	No discount	0
25 оттенков русского. От древних славян до бумеров и зумеров	Гартман Татьяна Юрьевна	Бомбора:Русский без ошибок	607	832	27
Царица ночи	Хейл Нелли	Like Book:Young adult. Ориджиналы	540	740	27
Kid's Box New Generation. Level 1. Pupil's Book with eBook	Nixon Caroline	Cambridge:Kid`s Box New Generation	2635	4391	40
Kid's Box New Generation. Level 1. Activity Book with Digital Pack	Nixon Caroline	Cambridge:Kid`s Box New Generation	2690	3843	30
Kid's Box New Generation. Level 2. Pupil's Book with eBook	Nixon Caroline	Cambridge:Kid`s Box New Generation	2854	4391	35
Kid's Box New Generation. Level 2. Activity Book with Digital Pack	Nixon Caroline	Cambridge:Kid`s Box New Generation	2690	3843	30
Kid's Box New Generation. Level 3. Pupil's Book with eBook	Nixon Caroline	Cambridge:Kid`s Box New Generation	2854	4391	35
Kid's Box New Generation. Level 3. Activity Book with Digital Pack	Nixon Caroline	Cambridge:Kid`s Box New Generation	2690	3843	30
Интимная Русь. Жизнь без «Домостроя», грех, любовь и колдовство	Author not specified	Манн, Иванов и Фербер:Страшно интересная Россия	899	1231	27
Анна Каренина	Толстой Лев Николаевич	Манн, Иванов и Фербер:Вечные истории	692	948	27
Двериндариум. Забытое	Суржевская Марина	Манн, Иванов и Фербер:Миры Марины Суржевской	834	No discount	0
Мистер Вечный Канун. Поваренная книга для Хэллоуина	Author not specified	Манн, Иванов и Фербер	1372	1879	27
Я - тортодел!	Игамбердиева Виктория Станиславовна	АСТ:Мировая еда	1194	1635	27
Литература. Наглядно и доступно	Author not specified	Эксмо-Пресс:Наглядно и доступно: в схемах и таблицах	308	395	22
История России. Наглядно и доступно	Author not specified	Эксмо-Пресс:Наглядно и доступно: в схемах и таблицах	308	395	22
Мирабель. Урок с котятами	Манкастер Гарриет	Эксмодетство:Изадора Мун. Приключения очень необычной девоч.	480	657	27
Ковен озера Шамплейн	Гор Анастасия	Эксмо-Пресс:Young Adult. Книжный бунт. Новые сказки (покет)	437	599	27
Цена вопроса. Думай, делай и зарабатывай по-новому	Сенаторов Артем Алексеевич	АСТ:Бизнес в рунете	683	No discount	0
Безумный свидетель	Сухов Евгений Евгеньевич	Эксмо:Тревожная весна 45-го. Послевоенный детектив	498	682	27
Господин моих ночей. Том первый	Ардова Алиса	Эксмо:Магические миры Алисы Ардовой	498	682	27
Последний король драконов	Стоун Лея	Freedom:Young Adult. Короли Авальера	583	798	27
День шалостей	Кинселла Софи	Эксмодетство	456	624	27
Шоколадное озеро	Шоу Ханна	Эксмодетство	522	715	27
Кружево Парижа	Кауфман Джорджиа	Эксмо:На крышах Парижа	564	773	27
Грамматика кино. Курс по истории и теории кинематографа для начинающих	Пайпер Джим	Бомбора:Мировой компьютерный бестселлер	923	1264	27
Кровь Амарока. Семя	Новей Мария	Т8:Потомки Амарока	2063	2645	22
Навсегда, твой Лукас	Полиснер Гай	Эксмо:Сozy book. Душевные истории для подр. и не только	498	682	27
Мирт. Холмы Каледонии	Руднева Мария Сергеевна	Эксмо:Изобретая реальность. Романы М. Рудневой	498	682	27
ЕГЭ 2024. Русский язык. Тренажёр. Учимся писать сочинение. Теоретический материал	Егораева Галина Тимофеевна	Экзамен:ЕГЭ Тренажер	182	280	35
ОГЭ 2024. Русский язык. Итоговое собеседование для выпускников основной школы	Скрипка Вероника Константиновна	Экзамен:ОГЭ Супертренинг	182	280	35
На последнем рубеже	Калинин Даниил Сергеевич	Эксмо:Сражались за Родину	607	832	27
Архивариус. Тайна сирены	Фартушная Александра	Т8	1615	2070	22
Башня Зеленого Ангела. Том 2	Уильямс Тэд	fanzon:Fantasy World. Лучшая современная фэнтези	880	1206	27
Маленькие женщины	Олкотт Луиза Мэй	Эксмодетство:Моя нежная классика. Важные книги для девочек	540	740	27
Мастер и Маргарита	Булгаков Михаил Афанасьевич	Манн, Иванов и Фербер:Вечные истории. Young Adult	550	754	27
Вычисляя звезды	Коваль Мэри Робинетт	fanzon:Sci-Fi Universe. Лучшая новая НФ	856	No discount	0
Наш неистовый конец	Гонг Хлоя	Like Book:Young Adult. Опиумные войны Хлои Гонг	650	890	27
Абхазия	Калинин Алексей	Аякс-Пресс:Русский гид. Полиглот	416	694	40
Хорошая девочка, дурная кровь	Джексон Холли	АСТ:Neoclassic: расследование	603	No discount	0
Тёмное предназначение	Каррас Катарина	Т8:Тёмное предназначение	1720	2205	22
Мусорная магия	Бруша Анна	Т8	1885	2417	22
ЕГЭ-2024. Биология. Сборник заданий. 800 заданий с ответами	Лернер Георгий Исаакович	Эксмо-Пресс:ЕГЭ Сборник заданий	260	333	22
Русский язык в схемах, таблицах, рисунках	Пожилова Елена Олеговна	Эксмодетство:Наглядный справочник мл. школьника: 1–4кл	269	345	22
Литература	Маханова Елена Александровна	Эксмо:Большой наглядный справочник школьника	532	682	22
Дикая. Опасное путешествие как способ обрести себя	Стрэйд Шерил	Бомбора:Pocket book (обложка). Non-fiction	278	357	22
Свет надежды. Истории, которые поддержат и укажут	Кирьянова Анна Валентиновна	Бомбора:Вкус мяты. Душевные книги для добрых людей	419	537	22
Разбуди в себе миллионера. Манифест богатства и процветания	Витале Джо	Бомбора:Книги, о которых говорят	260	333	22
Великие болезни и болезни великих. Как заболевания влияли на ход истории	Герсте Рональд Дитмар	Бомбора:Книги, о которых говорят	317	407	22
Манипулятор в овечьей шкуре. Как не стать жертвой его уловок	Саймон Джордж	Бомбора:Книги, о которых говорят	260	333	22
Первые 40 лет в жизни мальчика самые сложные. Взросление без обломов	Ким Джон	Бомбора:Книги, о которых говорят	260	333	22
Узбекистан. Ташкент, Самарканд	Author not specified	Бомбора:Красный гид (обложка)	512	657	22
Скандинавская мифология. Раскрашиваем сказки	Author not specified	Эксмо-Пресс:Раскрашиваем сказки и легенды народов мира	289	370	22
Мудрость для жизни. Избранные наставления	Author not specified	Эксмо:Сокровища Православия. Библиотека	649	832	22
Доктор Живаго	Пастернак Борис Леонидович	Эксмо-Пресс:Pocket book. Русская классика	342	439	22
Передружба. Недоотношения	Хилл Алекс	Like Book:Young Adult. Инстахит. Романтика (покет больш.)	419	537	22
Передружба. Второй шанс	Хилл Алекс	Like Book:Young Adult. Инстахит. Романтика (покет больш.)	419	537	22
Ныряльщица за жемчугом	Литвинова Анна Викторовна	Эксмо-Пресс:Знаменитый тандем Российского детектива (обложка)	278	357	22
29 отравленных принцев	Степанова Татьяна Юрьевна	Эксмо-Пресс:По следам громких дел. Детективы Т.Степановой	234	300	22
Чекисты	Тамоников Александр Александрович	Эксмо-Пресс:Романы о Великой Отечественной войне	218	280	22
Тени старого Арбата	Князева Анна	Эксмо-Пресс:Таинственный детектив Анны Князевой. Нов.оформ	234	300	22
Красная линия	Колочкова Вера Александровна	Эксмо:Секреты женского счастья. Проза В.Колочковой	441	566	22
Эон. Исследования о символике самости	Юнг Карл Густав	АСТ:Philosophy - Неоклассика	434	667	35
Улан Далай	Илишкина Наталья Юрьевна	АСТ:Большая проза	918	1413	35
Леди из Миссолонги	Маккалоу Колин	АСТ:Классическая и современная проза (нов)	212	326	35
Мужчины без женщин	Хемингуэй Эрнест	АСТ:Лучшая мировая классика	248	381	35
Невеста проклятого василиска	Северная Оксана	АСТ:Любовь внеземная	475	730	35
Мексика - она одна такая!	Умеренков Евгений	АСТ:Мир своими глазами	555	854	35
Кащеева цепь	Пришвин Михаил Михайлович	АСТ:Русская классика	393	605	35
Сказание о Танне и лесной деве	Крог Никлас	АСТ:Скандинавские боги	803	1236	35
Цвет иного мира с иллюстрациями Сальвадора Санса	Лавкрафт Говард Филлипс	АСТ:Шедевры ужаса в иллюстрациях	595	916	35
The Longest Night of Charlie Noon	Edge Christopher	Nosy Crow	1254	1792	30
Freya and Honey	Sykes Julie	Nosy Crow:Unicorn Academy: Where Magic Happens	920	1534	40
Where's Baby Chick?	Arrhenius Ingela P	Nosy Crow:Felt Flaps	1165	1792	35
Little Bird Lands	McCombie Karen	Nosy Crow:Little Bird Flies	1254	1792	30
A Time To Shine	Tuffin Olivia	Nosy Crow:A Pony Called Secret	1433	2047	30
The Weird Friends Fan Club	Wilkins Catherine	Nosy Crow	1254	1792	30
The Rabbit, the Dark and the Biscuit Tin	O`Byrne Nicola	Nosy Crow	1228	2047	40
A True Champion	Tuffin Olivia	Nosy Crow:A Pony Called Secret	1075	1792	40
Press Out and Decorate. Ancient Egypt	McLelland Kate	Nosy Crow:The British Museum	1280	2133	40
Charlie Chooses	Peacock Lou	Nosy Crow	2150	3072	30
Charlie Chooses	Peacock Lou	Nosy Crow	1254	1792	30
Tiger, Tiger, Burning Bright	Author not specified	Nosy Crow:Poetry Collections	3844	6406	40
Peekaboo Sun	Reid Camilla	Nosy Crow:Peekaboo	1331	2047	35
Peekaboo Apple	Reid Camilla	Nosy Crow:Peekaboo	1433	2047	30
Peekaboo Bear	Reid Camilla	Nosy Crow:Peekaboo	1433	2047	30
Peekaboo Cow	Reid Camilla	Nosy Crow:Peekaboo	1331	2047	35
Peekaboo Love	Reid Camilla	Nosy Crow:Peekaboo	1228	2047	40
When a Dragon Comes to Stay	Hart Caryl	Nosy Crow:When a Dragon	1254	1792	30
Orion Lost	Chisholm Alastair	Nosy Crow	1433	2047	30
Magnificent Mabel and the Rabbit Riot	Quayle Ruth	Nosy Crow:Magnificent Mabel	920	1534	40
Magnificent Mabel and the Magic Caterpillar	Quayle Ruth	Nosy Crow:Magnificent Mabel	920	1534	40
How to Be Me	Howe Cath	Nosy Crow	1165	1792	35
Another Twist in the Tale	Bruton Catherine	Nosy Crow	1331	2047	35
The Secret Detectives	Risbridger Ella	Nosy Crow	1433	2047	30
Luna Rae is Not Alone	Webster Hayley	Nosy Crow	1165	1792	35
My Life as a Cat	Sorosiak Carlie	Nosy Crow	1433	2047	30
Adam-2	Chisholm Alastair	Nosy Crow	1433	2047	30
The Wizard in the Wood	Stowell Louie	Nosy Crow:The Dragon In The Library	1165	1792	35
Little Owl's Bedtime	Newson Karl	Nosy Crow	1331	2047	35
DustRoad	Huddleston Tom	Nosy Crow:Floodworld	1254	1792	30
National Trust: The Castle the King Built	Colby Rebecca	Nosy Crow:National Trust	1254	1792	30
Where's Mr Digger?	Arrhenius Ingela P	Nosy Crow:Felt Flaps	1165	1792	35
Meekoo and the Bedtime Bunny	Reid Camilla	Nosy Crow:Meekoo	1535	2559	40
British Museum History of the World in 25 Cities	Turner Tracey	Nosy Crow:The British Museum	3046	4351	30
The Body Book	Alice Hannah	Nosy Crow:Hannah Alice series	1972	2817	30
The Pirates are Coming	Condon John	Nosy Crow	1254	1792	30
Wanda’s Words Got Stuck	Rowland Lucy	Nosy Crow	1165	1792	35
The Bigwoof Conspiracy	Roberts Dashe	Nosy Crow:Sticky Pines	1075	1792	40
Happy	Dodd Emma	Nosy Crow:Emma Dodd Animal Series	1165	1792	35
Love	Dodd Emma	Nosy Crow:Emma Dodd Animal Series	1075	1792	40
The Wide, Wide Sea	Wilson Anna	Nosy Crow:National Trust	1254	1792	30
Find Tom in Time, Ancient Egypt	Burke Fatti	Nosy Crow:Find Tom in Time	1331	2047	35
A Kid’s Life in Ancient Rome	Strathie Chae	Nosy Crow:So You Think You`ve Got It Bad?	1228	2047	40
Find Tom in Time, Ming Dynasty China	Burke Fatti	Nosy Crow:Find Tom in Time	1331	2047	35
Head, Shoulders, Knees and Toes	Author not specified	Nosy Crow:Sing Along With Me!	1254	1792	30
Old Macdonald had a Farm	Author not specified	Nosy Crow:Sing Along With Me!	1254	1792	30
Where's Mrs T-Rex?	Arrhenius Ingela P	Nosy Crow:Felt Flaps	1254	1792	30
Where's Mrs Tiger?	Arrhenius Ingela P	Nosy Crow:Felt Flaps	1165	1792	35
Incy Wincy Spider	Author not specified	Nosy Crow:Sing Along With Me!	1165	1792	35
The Wheels on the Bus	Author not specified	Nosy Crow:Sing Along With Me!	1165	1792	35
Row, Row, Row Your Boat	Author not specified	Nosy Crow:Sing Along With Me!	1075	1792	40
Twinkle Twinkle Little Star	Author not specified	Nosy Crow:Sing Along With Me!	1254	1792	30
Five Little Ducks	Author not specified	Nosy Crow:Sing Along With Me!	1165	1792	35
When a Dragon Goes to School	Hart Caryl	Nosy Crow:When a Dragon	1254	1792	30
Who's Hiding in the Snow?	McEwen Katharine	Nosy Crow:Who`s Hiding Here?	1331	2047	35
You’re Not the Boss of Me!	Wilkins Catherine	Nosy Crow:Catherine Wilkins	1331	2047	35
The Broken Leg of Doom	Butchart Pamela	Nosy Crow:Baby Aliens	1075	1792	40
The Thorn Island Adventure	Hitchcock Fleur	Nosy Crow:Clifftoppers	1165	1792	35
A Forever Home for Tilly	Chapman Linda	Nosy Crow:Forever Homes	920	1534	40
Poppy and the Perfect Pony	Tuffin Olivia	Nosy Crow:Sunshine Stables	1074	1534	30
To Wee or Not to Wee	Butchart Pamela	Nosy Crow:Baby Aliens	1254	1792	30
A Piglet Called Truffle	Peters Helen	Nosy Crow:Jasmine Green	920	1534	40
The Hamster Rescue	Hart Caryl	Nosy Crow	1165	1792	35
Neon Leon	Clarke Jane	Nosy Crow:Neon Picture Books	1254	1792	30
Park	Jones Lisa	Nosy Crow:A Tiny Little Story	1972	2817	30
Zoo	Jones Lisa	Nosy Crow:A Tiny Little Story	1831	2817	35
Edgar and the Sausage Inspector	Fearnley Jan	Nosy Crow	1075	1792	40
Dave's Rock	Preston-Gannon Frann	Nosy Crow:Dave`s Cave	1075	1792	40
The Prince and the Pee	Gormley Greg	Nosy Crow	1075	1792	40
Here Comes the Sun	Newson Karl	Nosy Crow	2150	3072	30
A Duckling Called Button	Peters Helen	Nosy Crow:Jasmine Green	1074	1534	30
The Jamie Drake Equation	Edge Christopher	Nosy Crow	1254	1792	30
Rose Campion and the Curse of the Doomstone	Gardner Lyn	Nosy Crow:Rose Campion	1165	1792	35
The Scruffy Sea Otter	Cobb Amelia	Nosy Crow:Zoe`s Rescue Zoo	1074	1534	30
Up, Up and Away!	Corderoy Tracey	Nosy Crow:Shifty McGifty and Slippery Sam	1165	1792	35
Don't Wake Up Tiger!	Teckentrup Britta	Nosy Crow	1228	2047	40
Lois Looks for Bob at Home	Author not specified	Nosy Crow	1075	1792	40
Pugly On Ice	Butchart Pamela	Nosy Crow:Pugly	1074	1534	30
The Secret Diary of John Drawbridge, a Medieval Knight in Training	Ardagh Philip	Nosy Crow:The Secret Diary	1254	1792	30
The Secret Diary of Jane Pinny, Victorian House Maid	Ardagh Philip	Nosy Crow:The Secret Diary	1165	1792	35
There’s a Werewolf In My Tent!	Butchart Pamela	Nosy Crow:Baby Aliens	1165	1792	35
The Enchanted Ruby	Harrison Paula	Nosy Crow:The Rescue Princesses	920	1534	40
Little Bird Flies	McCombie Karen	Nosy Crow:Little Bird Flies	1254	1792	30
A Sheepdog Called Sky	Peters Helen	Nosy Crow:Jasmine Green	920	1534	40
A Secret in Time	Nicholls Sally	Nosy Crow:In Time	1075	1792	40
I Am the Seed That Grew the Tree. A Nature Poem for Every Day of the Year	Author not specified	Nosy Crow:Poetry Collections	3844	6406	40
How To Look After Your Dinosaur	Cockcroft Jason	Nosy Crow	1254	1792	30
Happy Birthday to You!	Slater Nicola	Nosy Crow:Unicorn Academy: Where Magic Happens	1972	2817	30
A New Beginning	Tuffin Olivia	Nosy Crow:A Pony Called Secret	1075	1792	40
My Evil Twin Is a Supervillain	Solomons David	Nosy Crow:My Brother is a Superhero	1254	1792	30
Too Ghoul For School	Hutchison Barry	Nosy Crow:Spectre Collectors	1254	1792	30
A Kitten Called Holly	Peters Helen	Nosy Crow:Jasmine Green	920	1534	40
The Silver Secret	Foss Astrid	Nosy Crow:Snow Sisters	920	1534	40
The Bedtime Frog	Reid Camilla	Nosy Crow:Pip and Posy	1254	1792	30
The Missing Masterpiece	Corderoy Tracey	Nosy Crow:Shifty McGifty and Slippery Sam	1254	1792	30
The Picky Puffin	Cobb Amelia	Nosy Crow:Zoe`s Rescue Zoo	1074	1534	30
The Giggly Giraffe	Cobb Amelia	Nosy Crow:Zoe`s Rescue Zoo	997	1534	35
The Star Bracelet	Harrison Paula	Nosy Crow:The Rescue Princesses	1165	1792	35
The Amber Necklace	Harrison Paula	Nosy Crow:The Rescue Princesses	1254	1792	30
My Arch-Enemy Is a Brain In a Jar	Solomons David	Nosy Crow:My Brother is a Superhero	1075	1792	40
My Cousin Is a Time Traveller	Solomons David	Nosy Crow:My Brother is a Superhero	1254	1792	30
A Beginner's Guide to Ruling the Galaxy	Solomons David	Nosy Crow	1228	2047	40
Axel Scheffler’s Flip Flap Ocean	Scheffler Axel	Nosy Crow:Axel Scheffler`s Flip Flap	1498	2305	35
Around the World. Colouring Book	Flintham Thomas	Nosy Crow:The British Museum	1254	1792	30
The Crystal Rose	Foss Astrid	Nosy Crow:Snow Sisters	920	1534	40
The Enchanted Waterfall	Foss Astrid	Nosy Crow:Snow Sisters	920	1534	40
A Lamb Called Lucky	Peters Helen	Nosy Crow:Jasmine Green	997	1534	35
The Dragon In The Library	Stowell Louie	Nosy Crow:The Dragon In The Library	1254	1792	30
A Friend In Need	Tuffin Olivia	Nosy Crow:A Pony Called Secret	1165	1792	35
The Infinite Lives of Maisie Day	Edge Christopher	Nosy Crow	1254	1792	30
Ella on the Outside	Howe Cath	Nosy Crow	1331	2047	35
The Disappearing Diva	Todd Taylor Sarah	Nosy Crow:Max the Detective Cat	1075	1792	40
A Goat Called Willow	Peters Helen	Nosy Crow:Jasmine Green	920	1534	40
Get Me Out of Witch School!	Lynas Em	Nosy Crow:Witch School	1075	1792	40
A New York Nightmare!	Hutchison Barry	Nosy Crow:Spectre Collectors	1254	1792	30
We Won an Island	Lo Charlotte	Nosy Crow	1075	1792	40
The Monster in the Lake	Stowell Louie	Nosy Crow:The Dragon In The Library	1075	1792	40
Otherland	Stowell Louie	Nosy Crow	1228	2047	40
A Dream Come True	Tuffin Olivia	Nosy Crow:A Pony Called Secret	1228	2047	40
When Good Geeks Go Bad	Wilkins Catherine	Nosy Crow:Catherine Wilkins	1254	1792	30
The Mermaid Call	Cotter Alex	Nosy Crow	1228	2047	40
Find Tom in Time, Michelangelo’s Italy	Burke Fatti	Nosy Crow:Find Tom in Time	1331	2047	35
The Girl Who Lost a Leopard	Farook Nizrana	Nosy Crow	1433	2047	30
The Friendly Snail	Scheffler Axel	Nosy Crow:Pip and Posy	1254	1792	30
Peekaboo Baby	Reid Camilla	Nosy Crow:Peekaboo	1228	2047	40
Peekaboo Chick	Reid Camilla	Nosy Crow:Peekaboo	1228	2047	40
Looking for Emily	Longmuir Fiona	Nosy Crow	1433	2047	30
A Seal Pup Called Pearl	Peters Helen	Nosy Crow:Jasmine Green	1165	1792	35
This is NOT a Unicorn!	Timms Barry	Nosy Crow:This is NOT a ...	1075	1792	40
The Elephant Detectives	Adamson Ged	Nosy Crow	1254	1792	30
Where's Mr Polar Bear?	Arrhenius Ingela P	Nosy Crow:Felt Flaps	1254	1792	30
The Birthday Party	Reid Camilla	Nosy Crow:Pip and Posy	1663	2559	35
Peekaboo Moon	Reid Camilla	Nosy Crow:Peekaboo	1228	2047	40
All Through the Night. People Who Work While We Sleep	Faber Polly	Nosy Crow	1254	1792	30
S.T.E.A.L.T.H.: Access Denied	Rohan Jason	Nosy Crow	1331	2047	35
Meekoo and the Muddy Farm	Reid Camilla	Nosy Crow:Meekoo	1535	2559	40
Look, it's Moo Moo Cow	Reid Camilla	Nosy Crow:Look, It`s	1228	2047	40
Look, it’s Roar Roar Lion	Reid Camilla	Nosy Crow:Look, It`s	1331	2047	35
Running out of Time	Fox Simon	Nosy Crow	1331	2047	35
Where's Mr Lion? Buggy Book	Arrhenius Ingela P	Nosy Crow:Felt Flaps	997	1534	35
This is NOT a Dinosaur!	Timms Barry	Nosy Crow:This is NOT a ...	1254	1792	30
Where's Mrs Ladybird? Buggy Book	Arrhenius Ingela P	Nosy Crow:Felt Flaps	1074	1534	30
Pirates Ahoy!	Corderoy Tracey	Nosy Crow:Shifty McGifty and Slippery Sam	1165	1792	35
Murder at Snowfall	Hitchcock Fleur	Nosy Crow	1331	2047	35
Wren	Hope Lucy	Nosy Crow	1228	2047	40
Max Counts to a Million	Williams Jeremy	Nosy Crow	1331	2047	35
Свет	Кеннеди Рейвен	Freedom:Freedom. Золотая пленница	759	No discount	0
Дворец из теней	Лирхус Агнар	Эксмо:Взгляд во тьму. Триллеры для подростков	456	624	27
Взрослые дети нарциссов. Как исцелить травмы и научиться строить здоровые отношения	Араби Шахида	Манн, Иванов и Фербер:Stop Токсичность	734	1006	27
Колдун с Неглинки	Author not specified	Манн, Иванов и Фербер:Red Violet. Темные миры	692	948	27
Последнее поколение	ЧБУ	Эксмо:Фантастика от звезды YouTube. ЧБУ	625	856	27
Бросок из западни	Тамоников Александр Александрович	Эксмо:Спецназ Берии. Герои секретной войны	498	682	27
Черное сердце	Сорокин Геннадий Геннадьевич	Эксмо:Детектив-Ностальгия	480	657	27
Черный подснежник	Зверев Сергей Иванович	Эксмо:Боевая хроника. Романы о памятных боях	456	624	27
Любовь под ритмы рока	Фриман Айли	Freedom:Young Adult. Молодежная российская романт. проза	607	832	27
Потерянный мир. Почему сегодня идет война	Грачев Андрей Серафимович	Эксмо:Свидетель эпохи	650	890	27
Секретная часть	Шарапов Валерий Георгиевич	Эксмо:Контрразведка. Романы о секретной войне СССР	480	657	27
Прыжок пумы	Робертс Нора	Эксмо:Нора Робертс. Мега-звезда современной прозы	498	682	27
Адамант Хенны	Перумов Ник Даниилович	Феникс:Вселенная Упорядоченного. Кольцо Тьмы	1268	1625	22
Пара важных слов. Корейские секреты воспитания счастливого и уверенного в себе ребенка	Ли Ен Чжэ	Бомбора	734	1006	27
Синергетическая теория целостности	Хускивадзе Амиран Пименович	Знание-М	502	772	35
Город мертвого бога	Феби Алекс	fanzon:Fanzon. Наш выбор. Фэнтези	777	1064	27
Создаем нейронную сеть	Рашид Тарик	Вильямс	1747	2688	35
Психодинамическая психотерапия. Клиническое руководство	Author not specified	Вильямс	2680	4123	35
Терапия принятия и ответственности для пар. Клиническое руководство по использованию осознанности	Author not specified	Вильямс	1747	2688	35
Окружающий мир. ВПР. 4 класс. 10 тренировочных вариантов	Author not specified	Легион:Всероссийские проверочные работы	259	399	35
ЕГЭ Английский язык. Лексика. Учебно-справочное пособие	Author not specified	Легион:Готовимся к ЕГЭ	285	438	35
ЕГЭ и ОГЭ. Биология. Раздел «Растения, грибы, лишайники». Теория, тренировочные задания	Author not specified	Легион:Готовимся к ЕГЭ и ОГЭ	311	479	35
ЕГЭ и ОГЭ. Биология. Раздел «Животные». Теория, тренировочные задания	Author not specified	Легион:Готовимся к ЕГЭ и ОГЭ	337	518	35
ЕГЭ-2024. Биология. Тематический тренинг. Все типы заданий	Author not specified	Легион:Готовимся к ЕГЭ	324	498	35
ЕГЭ и ОГЭ-2024. Биология. Тематический тренинг. Все типы заданий	Author not specified	Легион:Готовимся к ЕГЭ	375	577	35
История. Большой справочник для подготовки к ЕГЭ и ОГЭ	Author not specified	Легион:Готовимся к ЕГЭ	350	538	35
Алгебра. 9 класс. Задачи ОГЭ с развёрнутым ответом	Author not specified	Легион:ОГЭ	208	320	35
ОГЭ-2024. Геометрия. 9 класс. Задачи ОГЭ с развёрнутым ответом	Author not specified	Легион:ОГЭ	220	339	35
Обществознание в таблицах и схемах. 10–11 классы. Интенсивная подготовка к ЕГЭ. Обобщение	Author not specified	Легион:Готовимся к ЕГЭ	311	479	35
Обществознание. ОГЭ. Тематическая тренировочная тетрадь за курс основной школы	Author not specified	Легион:ОГЭ	324	498	35
Обществознание. Большой справочник для подготовки к ЕГЭ и ОГЭ	Author not specified	Легион:Готовимся к ЕГЭ и ОГЭ	375	577	35
ОГЭ-2024. Русский язык. 9 класс. Тематический тренинг	Author not specified	Легион:ОГЭ	350	538	35
ЕГЭ-2024. Русский язык. 10–11 классы. Тематический тренинг. Модели сочинений	Author not specified	Легион:Готовимся к ЕГЭ	375	577	35
ОГЭ-2024. Физика. 9 класс. Тематический тренинг	Author not specified	Легион:ОГЭ	311	479	35
Olivia and the Movie Stars	Gardner Lyn	Nosy Crow:Olivia	1075	1792	40
Hubble Bubble, Granny Trouble	Corderoy Tracey	Nosy Crow:Hubble Bubble	1165	1792	35
Danny Danger and the Space Twister	Frost Adam	Nosy Crow:Danny Danger	1254	1792	30
Goldilocks and Just the One Bear	Hodgkinson Leigh	Nosy Crow	1075	1792	40
The Three Little Pigs	Author not specified	Nosy Crow:Nosy Crow Fairy Tales	1074	1534	30
Twelve Minutes to Midnight	Edge Christopher	Nosy Crow:Twelve Minutes to Midnight trilogy	1433	2047	30
Shadows of the Silver Screen	Edge Christopher	Nosy Crow:Twelve Minutes to Midnight trilogy	1331	2047	35
The Black Crow Conspiracy	Edge Christopher	Nosy Crow:Twelve Minutes to Midnight trilogy	1228	2047	40
Vulgar the Viking and the Rock Cake Raiders	Redbeard Odin	Nosy Crow:Vulgar the Viking	920	1534	40
Vulgar the Viking and the Spooky School Trip	Redbeard Odin	Nosy Crow:Vulgar the Viking	1075	1792	40
Vulgar the Viking and the Terrible Talent Show	Redbeard Odin	Nosy Crow:Vulgar the Viking	1254	1792	30
The Secret Hen House Theatre	Peters Helen	Nosy Crow	1331	2047	35
Dinosaur Zoom!	Dale Penny	Nosy Crow:Penny Dale`s Dinosaurs	1165	1792	35
Open Very Carefully	Bromley Nick	Nosy Crow	1075	1792	40
Dinosaur Dig!	Dale Penny	Nosy Crow:Penny Dale`s Dinosaurs	1075	1792	40
My Best Friend and Other Enemies	Wilkins Catherine	Nosy Crow	1165	1792	35
The Secret Promise	Harrison Paula	Nosy Crow:The Rescue Princesses	920	1534	40
The Wishing Pearl	Harrison Paula	Nosy Crow:The Rescue Princesses	1074	1534	30
The Princess and the Peas	Hart Caryl	Nosy Crow	1254	1792	30
Mouse’s First Night at Moonlight School	Puttock Simon	Nosy Crow:Moonlight School	1165	1792	35
Whizz! Pop! Granny, Stop!	Corderoy Tracey	Nosy Crow:Hubble Bubble	1254	1792	30
Fire Rescue	Davies Benji	Nosy Crow:Bizzy Bear	1075	1792	40
Olivia’s Winter Wonderland	Gardner Lyn	Nosy Crow:Olivia	1254	1792	30
The Snow Jewel	Harrison Paula	Nosy Crow:The Rescue Princesses	1074	1534	30
Shifty McGifty and Slippery Sam	Corderoy Tracey	Nosy Crow:Shifty McGifty and Slippery Sam	1165	1792	35
Can You Say It Too? Moo! Moo!	Braun Sebastien	Nosy Crow:Can You Say It Too?	1165	1792	35
Dear Scarlett	Hitchcock Fleur	Nosy Crow	1165	1792	35
My Brilliant Life and Other Disasters	Wilkins Catherine	Nosy Crow	1165	1792	35
Troll Swap	Hodgkinson Leigh	Nosy Crow	1165	1792	35
The Lost Gold	Harrison Paula	Nosy Crow:The Rescue Princesses	997	1534	35
Superhero Dad	Knapman Timothy	Nosy Crow:Superhero Parents	1165	1792	35
The Shimmering Stone	Harrison Paula	Nosy Crow:The Rescue Princesses	997	1534	35
The Silver Locket	Harrison Paula	Nosy Crow:The Rescue Princesses	920	1534	40
The Ice Diamond	Harrison Paula	Nosy Crow:The Rescue Princesses	997	1534	35
The Lonely Lion Cub	Cobb Amelia	Nosy Crow:Zoe`s Rescue Zoo	920	1534	40
The Puzzled Penguin	Cobb Amelia	Nosy Crow:Zoe`s Rescue Zoo	1074	1534	30
Olivia's Curtain Call	Gardner Lyn	Nosy Crow:Olivia	1254	1792	30
The Playful Panda	Cobb Amelia	Nosy Crow:Zoe`s Rescue Zoo	1074	1534	30
Spells-A-Popping Granny’s Shopping	Corderoy Tracey	Nosy Crow:Hubble Bubble	1254	1792	30
The Glorious Granny Bake Off	Corderoy Tracey	Nosy Crow:Hubble Bubble	1165	1792	35
The Silky Seal Pup	Cobb Amelia	Nosy Crow:Zoe`s Rescue Zoo	920	1534	40
Baby Aliens Got My Teacher	Butchart Pamela	Nosy Crow:Baby Aliens	1331	2047	35
The Little Puddle	Reid Camilla	Nosy Crow:Pip and Posy	1165	1792	35
Axel Scheffler's Flip Flap Farm	Scheffler Axel	Nosy Crow:Axel Scheffler`s Flip Flap	1498	2305	35
The Spy Who Loved School Dinners	Butchart Pamela	Nosy Crow:Baby Aliens	1433	2047	30
The Farm Beneath the Water	Peters Helen	Nosy Crow	1165	1792	35
The Shark-Headed Bear Thing	Hutchison Barry	Nosy Crow:Benjamin Blank	1331	2047	35
The Grunts in Trouble	Ardagh Philip	Nosy Crow:The Grunts	1165	1792	35
The Grunts all at Sea	Ardagh Philip	Nosy Crow:The Grunts	1074	1534	30
Cowgirl	Gemin G. R.	Nosy Crow	1075	1792	40
Cutie Pie looks for the Easter Bunny	Ho Jannie	Nosy Crow	1075	1792	40
Princess Daisy and the Dragon and the Nincompoop Knights	Lenton Steven	Nosy Crow	1075	1792	40
My Headteacher is a Vampire Rat	Butchart Pamela	Nosy Crow:Baby Aliens	1254	1792	30
Axel Scheffler's Flip Flap Safari	Scheffler Axel	Nosy Crow:Axel Scheffler`s Flip Flap	1498	2305	35
The Palomino Pony Comes Home	Tuffin Olivia	Nosy Crow:The Palomino Pony	1165	1792	35
The Swivel-Eyed Ogre-Thing	Hutchison Barry	Nosy Crow:Benjamin Blank	1075	1792	40
The Palomino Pony Rides Out	Tuffin Olivia	Nosy Crow:The Palomino Pony	1433	2047	30
My School Musical and Other Punishments	Wilkins Catherine	Nosy Crow	1165	1792	35
The Super Spooky Fright Night	Corderoy Tracey	Nosy Crow:Hubble Bubble	1165	1792	35
The Palomino Pony Wins Through	Tuffin Olivia	Nosy Crow:The Palomino Pony	1254	1792	30
Magical Mix-Ups. Birthdays and Bridesmaids	Edwards Marnie	Nosy Crow	1254	1792	30
The Rainbow Opal	Harrison Paula	Nosy Crow:The Rescue Princesses	997	1534	35
The Golden Shell	Harrison Paula	Nosy Crow:The Rescue Princesses	920	1534	40
Can You Say It Too? Twit! Twoo!	Author not specified	Nosy Crow:Can You Say It Too?	1254	1792	30
The Lucky Snow Leopard	Cobb Amelia	Nosy Crow:Zoe`s Rescue Zoo	1074	1534	30
The Bedtime Frog	Reid Camilla	Nosy Crow:Pip and Posy	1075	1792	40
The Princess and the Giant	Hart Caryl	Nosy Crow	1165	1792	35
Use Your Imagination	O`Byrne Nicola	Nosy Crow	1165	1792	35
There's a Bear on My Chair	Collins Ross	Nosy Crow:Ross Collins	1075	1792	40
Little Bits of Sky	Durrant S. E.	Nosy Crow	1331	2047	35
The Toilet Ghost	Butchart Pamela	Nosy Crow:Wigglesbottom Primary	1165	1792	35
The Pesky Polar Bear	Cobb Amelia	Nosy Crow:Zoe`s Rescue Zoo	920	1534	40
The Super Scooter	Scheffler Axel	Nosy Crow:Pip and Posy	1254	1792	30
The Palomino Pony Runs Free	Tuffin Olivia	Nosy Crow:The Palomino Pony	1165	1792	35
The Cuddly Koala	Cobb Amelia	Nosy Crow:Zoe`s Rescue Zoo	920	1534	40
Jack and the Beanstalk	Author not specified	Nosy Crow:Nosy Crow Fairy Tales	920	1534	40
Little Red Riding Hood	Author not specified	Nosy Crow:Nosy Crow Fairy Tales	920	1534	40
Red Moon Rising	Harrison Paula	Nosy Crow:Red Moon Rising	1254	1792	30
The Storm Dragon	Harrison Paula	Nosy Crow:The Secret Rescuers	920	1534	40
My Brother Is a Superhero	Solomons David	Nosy Crow:My Brother is a Superhero	1331	2047	35
The Shark in the Pool	Butchart Pamela	Nosy Crow:Wigglesbottom Primary	1165	1792	35
The Cat Burglar	Corderoy Tracey	Nosy Crow:Shifty McGifty and Slippery Sam	1165	1792	35
Rose Campion and the Stolen Secret	Gardner Lyn	Nosy Crow:Rose Campion	1254	1792	30
Petunia Perry and the Curse of the Ugly Pigeon	Butchart Pamela	Nosy Crow	1228	2047	40
My Great Success and Other Failures	Wilkins Catherine	Nosy Crow	1075	1792	40
Poles Apart!	Willis Jeanne	Nosy Crow:Unicorn Academy: Where Magic Happens	1165	1792	35
Dark Tree Shining	Harrison Paula	Nosy Crow:Red Moon Rising	1331	2047	35
The Wild Wolf Pup	Cobb Amelia	Nosy Crow:Zoe`s Rescue Zoo	1074	1534	30
The Moon-Faced Ghoul-Thing	Hutchison Barry	Nosy Crow:Benjamin Blank	1254	1792	30
The Messy Monkey Business	Corderoy Tracey	Nosy Crow:Hubble Bubble	1075	1792	40
The Magic Hamster	Butchart Pamela	Nosy Crow:Wigglesbottom Primary	1254	1792	30
Cora Caterpillar	Tranter Emma	Nosy Crow	1254	1792	30
Warthog	Black Birdie	Nosy Crow	1535	2559	40
The Last Book Before Bedtime	O`Byrne Nicola	Nosy Crow	1614	2305	30
Pugly Bakes a Cake	Butchart Pamela	Nosy Crow:Pugly	1074	1534	30
The Happy Hippo	Cobb Amelia	Nosy Crow:Zoe`s Rescue Zoo	997	1534	35
The Many Worlds of Albie Bright	Edge Christopher	Nosy Crow	1165	1792	35
Attack of the Demon Dinner Ladies	Butchart Pamela	Nosy Crow:Baby Aliens	1075	1792	40
The Magic Fox	Harrison Paula	Nosy Crow:The Secret Rescuers	920	1534	40
We Love Dinosaurs	Volpin Lucy	Nosy Crow	1075	1792	40
Dave's Cave	Preston-Gannon Frann	Nosy Crow:Dave`s Cave	1075	1792	40
The Palomino Pony Steals the Show	Tuffin Olivia	Nosy Crow:The Palomino Pony	1433	2047	30
Sweet Pizza	Gemin G. R.	Nosy Crow	1228	2047	40
Storm Witch	Renner Ellen	Nosy Crow:Storm Witch	1228	2047	40
Nothing Can Frighten A Bear	Dale Elizabeth	Nosy Crow	1254	1792	30
The Baby that Roared	Puttock Simon	Nosy Crow	1075	1792	40
The Diamond Chase	Corderoy Tracey	Nosy Crow:Shifty McGifty and Slippery Sam	1075	1792	40
Super Dog!	Butchart Pamela	Nosy Crow:Wigglesbottom Primary	1165	1792	35
Pugly Solves a Crime	Butchart Pamela	Nosy Crow	1074	1534	30
Spooky House	Davies Benji	Nosy Crow:Bizzy Bear	1165	1792	35
I Saw Anaconda	Dodd Emma	Nosy Crow	1535	2559	40
The Spooky School	Corderoy Tracey	Nosy Crow:Shifty McGifty and Slippery Sam	1165	1792	35
The Sleepy Snowy Owl	Cobb Amelia	Nosy Crow:Zoe`s Rescue Zoo	1074	1534	30
The Grunts on the Run	Ardagh Philip	Nosy Crow:The Grunts	1165	1792	35
Can You Say It Too? Brrr! Brrr!	Braun Sebastien	Nosy Crow:Can You Say It Too?	1165	1792	35
My Gym Teacher Is an Alien Overlord	Solomons David	Nosy Crow:My Brother is a Superhero	1331	2047	35
Running On Empty	Durrant S. E.	Nosy Crow	1228	2047	40
Flip Flap Dogs	Dyson Nikki	Nosy Crow	1383	2305	40
The Star Wolf	Harrison Paula	Nosy Crow:The Secret Rescuers	1074	1534	30
The Sea Pony	Harrison Paula	Nosy Crow:The Secret Rescuers	997	1534	35
The Fire Bay Adventure	Hitchcock Fleur	Nosy Crow:Clifftoppers	1075	1792	40
Go Wild on the River	Hawk Goldie	Nosy Crow:National Trust	1228	2047	40
Can You Say It Too? Stomp! Stomp!	Author not specified	Nosy Crow:Can You Say It Too?	1254	1792	30
I Love You, Little One	Surplice Holly	Nosy Crow	1075	1792	40
Oh Me, Oh My, A Pie!	Fearnley Jan	Nosy Crow	1075	1792	40
There’s A Yeti In The Playground!	Butchart Pamela	Nosy Crow:Baby Aliens	1254	1792	30
Icarus Was Ridiculous	Butchart Pamela	Nosy Crow:Baby Aliens	1165	1792	35
The Classroom Cat	Butchart Pamela	Nosy Crow:Wigglesbottom Primary	1165	1792	35
Break-Time Bunnies	Butchart Pamela	Nosy Crow:Wigglesbottom Primary	1165	1792	35
Farm	Jones Lisa	Nosy Crow:A Tiny Little Story	1690	2817	40
Superhero Mum	Knapman Timothy	Nosy Crow:Superhero Parents	1254	1792	30
The Curious Kangaroo	Cobb Amelia	Nosy Crow:Zoe`s Rescue Zoo	997	1534	35
The Super Sloth	Cobb Amelia	Nosy Crow:Zoe`s Rescue Zoo	997	1534	35
The Aliens Are Coming!	Corderoy Tracey	Nosy Crow:Shifty McGifty and Slippery Sam	1254	1792	30
An Otter Called Pebble	Peters Helen	Nosy Crow:Jasmine Green	920	1534	40
Sophia and Rainbow	Sykes Julie	Nosy Crow:Unicorn Academy: Where Magic Happens	997	1534	35
Scarlett and Blaze	Sykes Julie	Nosy Crow:Unicorn Academy: Where Magic Happens	1074	1534	30
Ava and Star	Sykes Julie	Nosy Crow:Unicorn Academy: Where Magic Happens	1074	1534	30
Isabel and Cloud	Sykes Julie	Nosy Crow:Unicorn Academy: Where Magic Happens	1074	1534	30
Layla and Dancer	Sykes Julie	Nosy Crow:Unicorn Academy: Where Magic Happens	1074	1534	30
Olivia and Snowflake	Sykes Julie	Nosy Crow:Unicorn Academy: Where Magic Happens	1074	1534	30
Splash	Howard Charli	Nosy Crow	1331	2047	35
Dinosaur Farm!	Dale Penny	Nosy Crow:Penny Dale`s Dinosaurs	1075	1792	40
Make More Noise!	Willis Jeanne	Nosy Crow	1331	2047	35
This Zoo is Not for You	Collins Ross	Nosy Crow:Ross Collins	1165	1792	35
Where's Mrs Bear?	Arrhenius Ingela P	Nosy Crow:Felt Flaps	1165	1792	35
Where's Mr Penguin	Arrhenius Ingela P	Nosy Crow:Felt Flaps	1075	1792	40
Not My Fault	Howe Cath	Nosy Crow	1075	1792	40
The Little Llama	Cobb Amelia	Nosy Crow:Zoe`s Rescue Zoo	1074	1534	30
Get Out Of My Bath!	Teckentrup Britta	Nosy Crow	1075	1792	40
The Boy and the Bear	Corderoy Tracey	Nosy Crow	1997	3072	35
The Middler	Applebaum Kirsty	Nosy Crow	1075	1792	40
Troofriend	Applebaum Kirsty	Nosy Crow	1331	2047	35
Help! I’m Trapped at Witch School!	Lynas Em	Nosy Crow:Witch School	1075	1792	40
There’s a Bear on My Chair	Collins Ross	Nosy Crow:Ross Collins	1165	1792	35
Under Earth	Renner Ellen	Nosy Crow:Storm Witch	1075	1792	40
The Doughnut of Doom	Dolan Elys	Nosy Crow	1165	1792	35
I, Cosmo	Sorosiak Carlie	Nosy Crow	1331	2047	35
Mr Brown’s Bad Day	Peacock Lou	Nosy Crow	1075	1792	40
Out and About Bird Spotter	Swift Robyn	Nosy Crow:Out and About	1075	1792	40
Meekoo and the Big Red Potty	Reid Camilla	Nosy Crow:Meekoo	1535	2559	40
Rosa and Crystal	Sykes Julie	Nosy Crow:Unicorn Academy: Where Magic Happens	920	1534	40
The Lost Puppy	Harrison Paula	Nosy Crow:Princess of Pets	920	1534	40
The Boy Who Flew	Hitchcock Fleur	Nosy Crow	1331	2047	35
Out and About Minibeast Explorer	Swift Robyn	Nosy Crow:Out and About	1254	1792	30
What are Little Girls Made Of?	Willis Jeanne	Nosy Crow	1791	2559	30
The Suitcase	Naylor-Ballesteros Chris	Nosy Crow	1165	1792	35
No Ballet Shoes in Syria	Bruton Catherine	Nosy Crow	1433	2047	30
Animal Families. Safari	Ormes Jane	Nosy Crow:Animal Families	1331	2047	35
Ariana and Whisper	Sykes Julie	Nosy Crow:Unicorn Academy: Where Magic Happens	920	1534	40
Suzy Orbit, Astronaut	Quayle Ruth	Nosy Crow	1254	1792	30
Where’s Mr Narwhal?	Arrhenius Ingela P	Nosy Crow:Felt Flaps	1075	1792	40
Matilda and Pearl	Sykes Julie	Nosy Crow:Unicorn Academy: Where Magic Happens	1074	1534	30
The Naughty Kitten	Harrison Paula	Nosy Crow:Princess of Pets	920	1534	40
Where's Mr Astronaut?	Arrhenius Ingela P	Nosy Crow:Felt Flaps	1075	1792	40
Where’s Mrs Witch?	Arrhenius Ingela P	Nosy Crow:Felt Flaps	1254	1792	30
Talking to the Moon	Durrant S. E.	Nosy Crow	1228	2047	40
The Lonely Pony	Harrison Paula	Nosy Crow:Princess of Pets	1074	1534	30
A Kid’s Life in Ancient Greece	Strathie Chae	Nosy Crow:So You Think You`ve Got It Bad?	1228	2047	40
Firefly Home	Clarke Jane	Nosy Crow:Neon Picture Books	1075	1792	40
Атлас России	Крицкая Алла Афанасьевна	Аванта:Детский 4D атлас с дополненной реальностью	1031	1413	27
ЕГЭ. Информатика. Новый полный справочник для подготовки к ЕГЭ	Богомолова Ольга Борисовна	АСТ:Самый популярный справочник для подготовки к ЕГЭ	377	483	22
Атлас фантастических созданий для детей	Барсотти Элеонора	Аванта:Любимые истории в рассказах и картинках	831	1138	27
Голова профессора Доуэля	Беляев Александр Романович	Малыш:Мастера детской фантастики	394	540	27
500 ответов логопеда	Бунина Виктория Станиславовна	Малыш:Про вашего ребенка: вопрос-ответ	472	605	22
Все правила математики с наглядными примерами и контрольными заданиями. 1-4 классы	Узорова Ольга Васильевна	Малыш:Самый полный курс: разложим по полочкам	254	326	22
Травник знахаря. Городской и деревенский садовник	Комаров Юрий	Амрита:Травник знахаря	202	310	35
Травник знахаря. Целебные травы в вашем саду. Пятидесятитравие	Комаров Юрий	Амрита	256	394	35
Методы психологической помощи детям и подросткам с нарушениями в развитии. Учебное пособие	Мамайчук Ирина Ивановна	Эко-Вектор	1376	2117	35
Думай 2. Сборник головоломок для развития мышления	Буцик Наташа	Манн, Иванов и Фербер:Для детей	1188	1627	27
История русской архитектуры	Павлинов Андрей Владимирович	ОлмаМедиаГрупп/Просвещение:Коллекция	1652	2542	35
Кодекс самурая	Инадзо Нитобэ	ОлмаМедиаГрупп/Просвещение:Коллекция	1652	2542	35
Большая книга корейских рецептов	Маангчи	Манн, Иванов и Фербер:Мировая кухня	3056	4186	27
Великие легенды Средневековья	Author not specified	ОлмаМедиаГрупп/Просвещение:Сказки и мифы народов мира	1652	2542	35
The Fairytale Hairdresser and Aladdin	Longstaff Abie	Puffin:The Fairytale Hairdresser	1520	2171	30
The Penguin Book of English Short Stories	Author not specified	Penguin	2219	3414	35
The Mayor Of Casterbridge	Hardy Thomas	Everyman:Everyman`s Library	3260	4657	30
The Big Balloon	Reid Camilla	Nosy Crow:Pip and Posy	1663	2559	35
Can You Say It Too? Woof! Woof!	Braun Sebastien	Nosy Crow:Can You Say It Too?	1075	1792	40
Cinderella's Sister and the Big Bad Wolf	Carey Lorraine	Nosy Crow	1254	1792	30
Can You Say It Too? Arf! Arf!	Braun Sebastien	Nosy Crow:Can You Say It Too?	1254	1792	30
Origami, Poems and Pictures	Author not specified	Nosy Crow:The British Museum	1493	2133	30
Can You Say It Too? Tweet! Tweet!	Braun Sebastien	Nosy Crow:Can You Say It Too?	1254	1792	30
WildLives. 50 Extraordinary Animals that Made History	Lerwill Ben	Nosy Crow:Inspiring Lives	3046	4351	30
Peekaboo House	Reid Camilla	Nosy Crow:Peekaboo	1433	2047	30
The Girl Who Stole an Elephant	Farook Nizrana	Nosy Crow	1433	2047	30
Frank and Bert	Naylor-Ballesteros Chris	Nosy Crow	1254	1792	30
I'll Be There	Newson Karl	Nosy Crow	1165	1792	35
When You’re Fast Asleep – Who Works at Night-Time?	Arrhenius Peter	Nosy Crow	2162	3326	35
Восстание клана Чан	Тянься Гуйюань	Freedom:Freedom. Песнь о небесах. Бестсел. кит. литературы	844	1156	27
Ориентиры развития ребёнка 3-4 лет. Как отследить динамику развития детей. Диагностическое пособие	Безруких Марьяна Михайловна	Просвещение:Работаем по ФГОС и ФОП ДО	545	838	35
Ориентиры развития ребёнка 4-5 лет. Как отследить динамику развития детей. Диагностическое пособие	Безруких Марьяна Михайловна	Просвещение:Работаем по ФГОС и ФОП ДО	545	839	35
Ориентиры развития ребёнка 5-6 лет. Как отследить динамику развития детей. Диагностическое пособие	Безруких Марьяна Михайловна	Просвещение:Работаем по ФГОС и ФОП ДО	546	840	35
Ориентиры развития ребёнка 6-7 лет. Как отследить динамику развития детей. Диагностическое пособие	Безруких Марьяна Михайловна	Просвещение:Работаем по ФГОС и ФОП ДО	547	841	35
PONS Hallo! Grammatiktraining für Deutsch als Zweitsprache. Für fortgeschrittene Lerner ab 16 Jahren	Fandrych Christian	Klett	3566	5486	35
Романовы. Тайная жизнь царской семьи. Великая любовь, неравный брак и загадка заспиртованной головы	Шергина Юлия Сергеевна	АСТ:Личность в истории	785	1075	27
"Круглый год на ""Весёлой ферме"""	Русинова Евгения Александровна	Бином Детства:Читаем вместе. Дружная семья	551	847	35
Улисс и носочная фея	Песочинская Наталья Анатольевна	Бином Детства:Читаем вместе. Дружная семья	562	864	35
Крылатая бабушка	Абдеева Гульшат Гаязовна	Бином Детства:Время фантазий	465	716	35
Метаморфозы родительской любви. От «любящей мамы» до «доброй злодейки»	Author not specified	Просвещение	226	347	35
Ученица ведьмы и узы проклятой крови	Райн Александр	АСТ:Романы рунета	706	No discount	0
Окно возможностей для вашего ребенка	Мордашова Ольга	АСТ:Секреты умных родителей	414	827	50
Театр теней. Большая книга	Author not specified	Эксмодетство:Увлечения и развлечения. Лучшие книги	796	1090	27
Пеликан. Месть замка Ратлин	Гельб Джек	Like Book:Young adult. Ориджиналы	614	No discount	0
Математика. 5 класс. Учебное пособие. Комплект в 2-х частях. ФГОС	Виленкин Наум Яковлевич	Мнемозина	1510	2323	35
Математика. 6 класс. Учебное пособие. Комплект в 2-х частях	Виленкин Наум Яковлевич	Мнемозина	1631	2509	35
Кицунэ, цилинь и другие легенды Китая и Японских островов	Богородская Ярослава Игоревна	АСТ:Фэнтези-миры. Арт-книга	604	827	27
Оракул Живое и Мертвое, 44 карты + инструкция	Author not specified	Велигор	4513	6943	35
Оракул Будни Эльфа. Ритм Жизни, 80 карт + инструкция	Author not specified	Велигор	4513	6943	35
Таро Око левиафана, 78 карт + инструкция	Author not specified	Велигор	3868	5951	35
Глубина резкости	Нова Тери	Like Book:Young Adult.  Власть чувств. Романтика Тери Нова	688	No discount	0
Приключения Гекльберри Финна	Твен Марк	Эксмодетство:Библиотека школьной классики	498	682	27
Токийские мстители. Том 9	Вакуи Кэн	XL Media:Токийские Мстители	879	1353	35
Токийские мстители. Том 10	Вакуи Кэн	XL Media:Токийские Мстители	879	1353	35
Очень приятно, бог. Том 19	Судзуки Джульетта	XL Media:Очень приятно, бог	502	772	35
Истории Монстров. Том 1	Нисио Исин	XL Media:Истории Монстров	502	772	35
Истории Монстров. Том 3	Нисио Исин	XL Media:Истории Монстров	502	772	35
Истории Монстров. Том 4	Нисио Исин	XL Media:Истории Монстров	502	772	35
Истории Монстров. Том 9	Нисио Исин	XL Media:Истории Монстров	502	772	35
Отдых и еда на ВДНХ. 1939–1989	Хорст Василий	Бослен	2458	No discount	0
Личики. Темные сказки	Зубов Петр	АСТ:Самая страшная книга (подарочная)	902	1236	27
Под сенью сакуры	Сайкаку Ихара	АСТ:Эксклюзивная классика	248	340	27
Основы метафизики нравственности	Кант Иммануил	АСТ:Эксклюзивная классика	248	340	27
Человек в черном	Коллинз Уилки	АСТ:Эксклюзивная классика	248	340	27
Юность Розы	Олкотт Луиза Мэй	АСТ:Эксклюзивная классика	234	321	27
Призраки	Паланик Чак	АСТ:Эксклюзивная классика	326	447	27
Психология западной религии	Юнг Карл Густав	АСТ:Эксклюзивная классика	308	422	27
Последний сын вольности	Лермонтов Михаил Юрьевич	АСТ:Эксклюзив: Русская классика	215	295	27
Оскар Уайльд. Лучшие афоризмы	Уайльд Оскар	АСТ:Афоризмы. Лучшее	487	667	27
Лекарственные растения. Большой атлас	Сафонов Николай Николаевич	АСТ:Большой прикладной атлас	1797	2461	27
Кому на Руси жить хорошо	Некрасов Николай Алексеевич	АСТ:Великая поэзия	326	447	27
Блокадная книга	Адамович Алесь Михайлович	АСТ:Военный дневник	715	979	27
Руны и рунические практики. Большой самоучитель по овладению рунным искусством	Велимира	АСТ:Высший разум. Лучшее	669	916	27
Что делать, если... 2: Продолжение полюбившейся и очень полезной книги	Петрановская Людмила Владимировна	АСТ:Вопрос - ответ(бол)	759	1040	27
Средние века	Грей Кэтрин	АСТ:Полная история эпох	694	951	27
Пошаговое вязание крючком. Для начинающих	Ярковая Татьяна	АСТ:Рукоделие от А до Я. Лучшее	353	483	27
Англо-русский русско-английский словарь с произношением	Матвеев Сергей Александрович	АСТ:Современные карманные словари	181	232	22
Все правила английского языка	Матвеев Сергей Александрович	АСТ:Современные карманные словари	181	232	22
Хочу тебя любить	Тодорова Елена Леонидовна	АСТ:Твоя любовь	487	667	27
Японские иероглифы. Рабочая тетрадь для продвинутых. Уровень JLPT N1	Воронина Нина Альбертовна	АСТ:Школа японского языка	400	513	22
В унисон	Михевич Тэсс	NoSugar Books:NoSugar. Тьма	533	730	27
Темногорье. Пропавшая дверь	Кутузова Лада Валентиновна	Wonder Books:Фэнтези нового поколения. Темногорье	694	951	27
Гастрономическая энциклопедия Ларусс. В 15-ти тома. Том 15. Шабишу-дю-Пуату. Ячмень	Author not specified	Чернов и К	12760	19630	35
Русская грамматика в таблицах. Учебное пособие	Кузьмина Наталья Витальевна	Флинта:Русский язык как иностранный	473	728	35
Ключи от бездны. Борьба за атомную бомбу	Лота Владимир	ИД Комсомольская правда:Исторические хроники	1572	2016	22
Ты никогда не исчезнешь	Бюсси Мишель	Фантом Пресс	721	1109	35
Записки маркетологини	Вишневская Анастасия А.	Страта	985	1515	35
Рейс на Альфу Центавра отменяется!.. Или все-таки нет?! К теории развития реактивного движения	Платонов Алексей А.	Страта	1310	2016	35
Михаил Гуцериев. Избранное. Глаз	Гуцериев Михаил Сафарбекович	ИД Комсомольская правда	650	833	22
Михаил Гуцериев. Избранное. Журавли	Гуцериев Михаил Сафарбекович	ИД Комсомольская правда	650	833	22
Михаил Гуцериев. Избранное.  Лебеди	Гуцериев Михаил Сафарбекович	ИД Комсомольская правда	650	833	22
Михаил Гуцериев. Избранное. Часы. Лестница	Гуцериев Михаил Сафарбекович	ИД Комсомольская правда	650	833	22
Речевая практика. 2 класс. Учебник. Адаптированные программы. ФГОС	Горбацевич Алиса Дмитриевна	Владос:Коррекционная педагогика	884	1360	35
Акушерство и гинекология. Клинические рекомендации	Author not specified	ГЭОТАР-Медиа:Клинические рекомендации	3524	5421	35
Заболевания почек и мочевыводящих путей в акушерстве. Руководство для врачей	Кан Наталья Енкыновна	ГЭОТАР-Медиа:Библиотека врача-специалиста	1411	2170	35
Нефрология. Краткий справочник	Author not specified	ГЭОТАР-Медиа	2995	4608	35
Практические навыки в дерматовенерологии. Справочник	Author not specified	ГЭОТАР-Медиа	1507	2318	35
Экстрагенитальная патология и беременность. Диагностика и лечение. Руководство для врачей	Author not specified	ГЭОТАР-Медиа:Руководство для врачей	1025	1577	35
Экстренная медицинская помощь при острых заболеваниях и травмах. Руководство для врачей и фельдшеров	Плавунов Николай Филиппович	ГЭОТАР-Медиа:Скорая медицинская помощь	3877	5964	35
Поросята не летают	Лаврова Светлана Аркадьевна	Нигма:Попали в переплет	1810	No discount	0
Оракул ангелов. Брошюра	Уэбстер Ричард	Весь:Такое разное Таро	254	423	40
Категория времени в художественном мире Е. Г. Водолазкина. Монография	Лисова Алина Евгеньевна	Директмедиа Паблишинг	441	678	35
Проблема повествователя в русском рэпе. Монография	Author not specified	Директмедиа Паблишинг	493	759	35
Бастующая Россия. Шахтерские забастовочные комитеты и профсоюзы 1988–1995 гг. Монография	Author not specified	Директмедиа Паблишинг	790	1215	35
Древние славяне и их соседи. Учебное пособие	Жигарев Геннадий Анатольевич	Директмедиа Паблишинг	957	1473	35
Гуманизм, Возрождение и политическая философия Никколо Макиавелли	Долгов Константин Михайлович	Директмедиа Паблишинг	1030	1585	35
Дневник белогвардейца	Будберг Алексей Павлович	Директмедиа Паблишинг	1136	1748	35
Чеченская конная дивизия	Author not specified	Директмедиа Паблишинг	439	676	35
Российская контрреволюция в 1917–1918 гг. Том 1	Головин Николай Николаевич	Директмедиа Паблишинг	1418	2181	35
Российская контрреволюция в 1917–1918 гг. Том 2	Головин Николай Николаевич	Директмедиа Паблишинг	1726	2655	35
Гражданская война в России. Война с белополяками	Какурин Николай Евгеньевич	Директмедиа Паблишинг	1752	2696	35
Трагедия адмирала Колчака. В 2-х книгах. Книга 1	Мельгунов Сергей Петрович	Директмедиа Паблишинг	1209	1860	35
Трагедия адмирала Колчака. В 2-х книгах. Книга 2	Мельгунов Сергей Петрович	Директмедиа Паблишинг	1261	1940	35
Как самостоятельно за месяц вылечить аденоиды ребенка	Храбров Дмитрий Николаевич	КТК Галактика	288	443	35
Крым в истории географии и геополитики России. Документальные источники, историография, публицистика	Author not specified	Кучково поле	1849	2845	35
Хирургия врожденных деформаций позвоночника	Виссарионов Сергей Валентинович	СпецЛит	1836	No discount	0
Любопытные задачки для девочек. 28 наклеек. 5+	Цесарь Инна Алексеевна	Феникс:Такса Клякса	231	296	22
Любопытные задачки для мальчиков. 28 наклеек. 5+	Цесарь Инна Алексеевна	Феникс:Такса Клякса	231	296	22
Дух горний. Драматургия. Стихотворения. Проза	Коломейцева-Фиронти Вера Георгиевна	Спутник+	276	424	35
Типология поселений хоры Херсонеса Таврического и позднескифских поселений Крыма	Емец Игорь Анатольевич	Спутник+	551	847	35
За чертой твоего понимания	Дривай Светлана	Знание-М	1003	1543	35
Любовь между мирами	Дривай Светлана	Знание-М	669	1029	35
О жизни. Рассказы	Author not specified	Знание-М	502	772	35
Странник	Author not specified	Знание-М	502	772	35
Несмотря на то, что ...	Author not specified	Знание-М	669	1029	35
Обеспечение качества продукции. Учебное пособие для вузов  и предприятий	Огвоздин Виталий Юрьевич	Знание-М	335	515	35
Как избавиться от долгов и начать жизнь с чистого листа. 67 вопросов о личном банкротстве	Кулешина Мария Евгеньевна	Знание-М	1170	1800	35
Английский для попугаев. Карета	Клюев Евгений Васильевич	Самокат	979	1632	40
Английский для попугаев. Портрет	Клюев Евгений Васильевич	Самокат	979	1632	40
Всепроглот	Рёрвик Бьёрн	Самокат:Другие истории о Лисе и Поросёнке	922	1536	40
Такой вот дом	Бернер Ротраут Сузанна	Самокат:Городок	1133	1889	40
PONS Kompaktworterbuch Deutsch als Fremdsprache Mit 50000 Stichwortern, Wendungen und Beispielsatzen	Author not specified	Klett	4447	7412	40
PONS Bildworterbuch Deutsch als Fremdsprache. 8.000 Worter und Wendungen	Author not specified	Klett	1936	3226	40
Auf in die Schule! Deutsch fur Kinder	Author not specified	Klett	2070	3185	35
Советско-монгольские политические отношения. 1953–1964 гг	Author not specified	Кучково поле Музеон	2123	3266	35
Фальконье. Архитектура света	Author not specified	Кучково поле Музеон	2994	4606	35
Город волшебных мостов. Прогулка по Санкт-Петербургу	Игнатова Анна Сергеевна	Детское время	455	700	35
Поморские штучки	Макурин Денис Владимирович	Детское время	546	840	35
Единорожки. Книга-картинка	Author not specified	Феникс:Раскраски счастливой малышки	132	169	22
Котики. Книга-картинка	Author not specified	Феникс:Раскраски счастливой малышки	132	169	22
Принцессы. Книга-картинка	Author not specified	Феникс:Раскраски счастливой малышки	132	169	22
Феечки. Книга-картинка	Author not specified	Феникс:Раскраски счастливой малышки	132	169	22
Основы исследовательской и проектной деятельности. Учебное пособие	Author not specified	Феникс:Среднее профессиональное образование	721	924	22
Любовь и конопушки	Венедиктова Юлия Александровна	Феникс-Премьер:Дети читают	406	521	22
"О русской демократии, грязи и ""тюрьме народов"". Мифы о России-2"	Мединский Владимир Ростиславович	ОлмаМедиаГрупп/Просвещение:Мифы о России	913	1404	35
Остроумие мира	Author not specified	ОлмаМедиаГрупп/Просвещение:Мудрость тысячелетий	1652	2542	35
История русской оперы	Author not specified	ОлмаМедиаГрупп/Просвещение:История России	1652	2542	35
Малахитовая шкатулка. Уральские сказы	Бажов Павел Петрович	ОлмаМедиаГрупп/Просвещение:Сказки и мифы народов мира	1652	2542	35
История русской полиции	Author not specified	ОлмаМедиаГрупп/Просвещение:История России	1652	2542	35
Игральные карты и предсказания Игра эмоций, 54 карты + инструкция	Author not specified	Велигор	1155	1925	40
Клипотическая магия. Туннели Сета	Author not specified	Велигор	3056	4702	35
Магия вампиров. Кровавая тропа Лаварош	Author not specified	Велигор	3056	4702	35
СССР и Гоминьдан. 1923-1942 гг.	Волкова Ирина Владимировна	Центрполиграф:Новейшие исследования по истории России	407	678	40
Месси. Исключительная биография	Кайоли Лука	Центрполиграф:Спорт	776	1294	40
Троянцы. Боги и герои города-призрака	Блеген Карл	Центрполиграф:Загадки древних народов в новом оформлении	677	1129	40
Белая борьба на Северо-Западе России	Author not specified	Центрполиграф:Белое движение	1877	3128	40
Флот в Белой борьбе	Author not specified	Центрполиграф:Белое движение	1682	2804	40
Закон достойных - творить добро. Лучшие цитаты из китайской мудрости	Author not specified	Центрполиграф:Подарочные издания	533	888	40
За столом с Гоголем. Любимые блюда великого писателя	Первушина Елена Владимировна	Центрполиграф:Российская кухня XIX века	842	1403	40
Возвращение в Ивто	Эрно Анни	No Kidding Press	665	1109	40
Технологии военного профессионального обучения	Литвиненко Виктор Иванович	Советский спорт	2883	4436	35
Дыхательные тренажеры «Новое дыхание» в подготовке пловцов и не только. Руководство для тренеров	Author not specified	Советский спорт	655	1008	35
Английский раб султана	Старшов Евгений Викторович	Вече:Всемирная история в романах	414	637	35
Русская мечта. Падение короны	Катаева Татьяна Николаевна	Вече:Волжский роман	551	847	35
Первое приключение Корантена Кемпера	Феваль Поль	Вече:Мастера приключений	642	988	35
"Дневник биржевого спекулянта. ""Волшебный грааль лудомана"""	Ковшов Григорий Владиславович	"Вече:Разное ""Вече"""	1477	2272	35
Цветы японской акварелью. Рисуем розы, тюльпаны, гортензии и сухоцветы	Накамура Аи	Бомбора:Подарочные издания. Техники рисунка и живописи	844	1156	27
Библия секса. Самые важные правила	Джоанидис Пол	Бомбора:Психология. Главные книги жизни	437	599	27
Цербер-хранитель	Корсакова Татьяна	Эксмо:Татьяна Корсакова. Королева мистического романа	413	566	27
Слова	Джейд Эшли	АСТ:LAV. Романтика	715	979	27
Потерянные в Майнкрафте	Иванова Оксана Михайловна	АСТ:Потерянные в Майнкрафте	442	605	27
Миссис Крэддок. Покоритель Африки	Моэм Уильям Сомерсет	АСТ:Библиотека классики	759	1040	27
Королевство на руинах	Брин К. Ф.	АСТ:Бестселлеры К.Ф. Брин. Восхитительно темные сказки	715	979	27
Моя фамилия Павлов	Берг Александр	АСТ:Военная фантастика	533	730	27
Позже	Кинг Стивен	АСТ:Темная башня	577	791	27
Под крики сов	Фрейм Дженет	АСТ:XX век / XXI век -The Best	533	730	27
Великолепие чести	Гарвуд Джулия	АСТ:Шарм-мини	176	241	27
Отдел убийств. Год на смертельных улицах	Саймон Дэвид	АСТ:Настоящее преступление	1194	1635	27
Никогда не влюбляйся в повесу	Карлайл Лиз	АСТ:Очарование	442	605	27
Хроники преисподней	Анонимyс	АСТ:Проект Анонимус	533	730	27
Как стать мастером эффективной коммуникации. Учитесь направлять беседу, осознанно взаимодействовать	Кинг Патрик	Библос	3024	5040	40
Все цвета моей жизни	Ахерн Сесилия	Иностранка:Ахерн. Лучшие книги о любви	590	808	27
Империй. Люструм. Диктатор. Роман-трилогия	Харрис Роберт	Азбука:The Big Book. Исторический роман	1057	1448	27
В глуби веков	Воронкова Любовь Федоровна	Азбука:Азбука-Классика (мяг. обл.)	253	347	27
Бродяга и фея	Лондон Джек	Азбука:Азбука-Классика (мяг. обл.)	224	307	27
Ложится мгла на старые ступени	Чудаков Александр Павлович	Азбука:Азбука-Классика (мяг. обл.)	318	436	27
Чарующее безумие. Клод Моне и водяные лилии	Кинг Росс	Азбука:Азбука-Классика. Non-Fiction	282	386	27
P.S. Я люблю тебя	Ахерн Сесилия	Иностранка:Ахерн. Лучшие книги о любви	590	808	27
Я женщина, услышь мой крик... Рассказы	Ахерн Сесилия	Иностранка:Ахерн. Лучшие книги о любви	590	808	27
Вопросы Литературы. 2023. № 2	Author not specified	Журнал Вопросы литературы	202	310	35
Вопросы Литературы. 2023. № 3	Author not specified	Журнал Вопросы литературы	202	310	35
Журнал Наука и жизнь № 8. 2023	Author not specified	Журнал Наука и жизнь	465	715	35
Ворона и лисица. Басни	Крылов Иван Андреевич	Махаон:Чудесные книжки для малышей	344	471	27
Не надо врать. Рассказы для детей	Зощенко Михаил Михайлович	Махаон:Яркая ленточка	354	485	27
Король Матиуш Первый. Повесть-сказка	Корчак Януш	Махаон:Яркая ленточка	418	573	27
Знамя. 2023. № 7	Author not specified	Журнал Знамя	502	773	35
Журнал Дилетант № 092 август 2023	Author not specified	Журнал Дилетант	322	496	35
Системный подход к лечению человека	Должиков Валерий	Амрита: 	623	958	35
Математика в схемах, таблицах, рисунках	Пожилова Елена Олеговна	Эксмодетство:Наглядный справочник мл. школьника: 1–4кл	269	345	22
Как приручить пастель. Полный курс от Елены Таткиной	Таткина Елена	Манн, Иванов и Фербер:Ключи к атмосферному рисунку	1460	2000	27
Если бы он остался	Ноулин Лора	Манн, Иванов и Фербер:Red Violet. Задержи дыхание	675	924	27
КУЛЬТура ЕДЫ	Писарева Ирина Александровна	АСТ:Код питания	715	979	27
Обнимательная психология. Найти опору в себе	Lemon Psychology	Манн, Иванов и Фербер:Обнимательная психология	550	754	27
Обнимательная психология. Осознать себя в любви	Lemon Psychology	Манн, Иванов и Фербер:Обнимательная психология	550	754	27
Я Рада. Девушка, которая выбралась из ада. Исповедь бывшей зечки	Джаналиева Радмила Абдугалиевна	Бомбора:Инстазечка	607	832	27
Джейн Эйр	Бронте Шарлотта	Манн, Иванов и Фербер:Вечные истории	592	811	27
Разрушительная игра	Хуан Ана	Inspiria:Cupcake. Бестселлеры Буктока. Ана Хуан	518	No discount	0
Дом на краю магии	Спаркс Эми	Эксмо:Детск. Дом на краю магии	456	624	27
Алые паруса. Бегущая по волнам	Грин Александр Степанович	Эксмодетство:Детская библиотека (новое оформление)	392	537	27
Красный дворец	Хёр Джун	Like Book:Young adult. Азиатский детектив	583	798	27
Базовый курс. Операторское искусство. Учимся снимать на плёнку и цифру	Шроппель Том	Бомбора:Мастерская кино. Секреты киноиндустрии	607	832	27
Ошибка молодости	Метлицкая Мария	Эксмо-Пресс:Драгоценная коллекция историй	239	328	27
13 карт. Фанфики. Подданные Земли Королей	Поляков (Москвин) Георгий	Комильфо:Комиксы студии «Феникс»	1062	1455	27
Звёздные войны. Расцвет Республики. Сближение	Кордова Зорайда	fanzon:Fanzon. Звёздные Войны	736	No discount	0
Прощайте, горе-учитель. Книга 3	Кумэта Кодзи	Комильфо:Комильфо. Манга	1117	1530	27
Ловушка для птицелова	Уркхарт Элейна	АСТ:Анатомия смерти	654	No discount	0
Английский язык для студентов, изучающих электронику. Учебник	Анюшенкова Ольга Николаевна	ИНФРА-М:Среднее профессиональное образование	3722	5726	35
Алтарные преграды храмов Центральной России Нового времени. Монография	Лазарева Татьяна Вячеславовна	ИНФРА-М:Научная мысль	2010	3092	35
Анализ полицейских практик в сфере противодействия преступности. Монография	Лыков Эдуард Николаевич	ИНФРА-М:Научная мысль	1381	2124	35
Безопасность условий труда в энергетике. Учебное пособие	Орловский Сергей Николаевич	ИНФРА-М:Высшее образование	2167	3334	35
Биоинтерфейс. Конформная наноэнергетика. Монография	Ильин Сергей Юрьевич	ИНФРА-М:Научная мысль	3198	4920	35
Видовое и породное биоразнообразие крупного рогатого скота. Монография	Лебедько Егор Яковлевич	ИНФРА-М:Научная мысль	2953	4543	35
Исследование эконометрических моделей. Сборник лабораторных работ. Учебное пособие	Невежин Виктор Павлович	ИНФРА-М:Высшее образование	2935	4516	35
Конституционное право зарубежных стран. Практикум	Комарова Валентина Викторовна	НОРМА	1835	2823	35
Криминология. Общая и Особенная части. Учебник	Горшенков Геннадий Николаевич	ИНФРА-М:Высшее образование: Специалитет	3198	4920	35
Логистика новой городской мобильности. Ценностно ориентированный подход. Монография	Шульженко Татьяна Геннадьевна	ИНФРА-М:Научная мысль	4001	6156	35
Медицинское страхование. Учебник	Архипов Александр Петрович	ИНФРА-М:Высшее образование	1940	2984	35
Ноксология. Учебное пособие	Бердникова Лариса Николаевна	ИНФРА-М:Военное образование	2604	4006	35
Оперативно-розыскная деятельность. Учебное пособие	Халиков Аслям Наилевич	РИОР:Высшее образование	1485	2285	35
Организационно-методологические основы подготовки диссертации. Учебно-методическое пособие	Иванова Светлана Вениаминовна	ИНФРА-М:Высшее образование: Аспирантура	857	1318	35
Охрана труда на предприятиях АПК. Правовые, организационные и технические аспекты. Учебное пособие	Ковальчук Александр Николаевич	ИНФРА-М:Среднее профессиональное образование	3617	5565	35
Парижский парламент средневековой Франции. Юридические аспекты организации и деятельности	Коган в Екатерина Геннадьевна	НОРМА	2018	3105	35
Педагогические условия формирования профессиональной компетенции учителя в образовательном процессе	Савельева Светлана Станиславовна	ИНФРА-М:Научная мысль	1730	2662	35
Производство по делам об административных правонарушениях в судах общей юрисдикции. Монография	Щепалов Станислав Владимирович	НОРМА	2595	3992	35
Развитие сферы услуг на основе клиентоориентированного подхода. Монография	Груздева Виктория Викторовна	ИНФРА-М:Научная мысль	1485	2285	35
Россия в мировой финансовой архитектуре. Монография	Кузнецов Алексей Владимирович	ИНФРА-М:Научная мысль	1713	2635	35
Система взаимного страхования в Тульской губернии во второй половине XIX - начале ХХ века	Зубарева Елена Игоревна	ИНФРА-М:Научная мысль	1485	2285	35
Событие - это… Монография	Бочарников Виктор Павлович	ИНФРА-М:Научная мысль	1485	2285	35
Специальная дидактика цифрового образования обучающихся с ограниченными возможностями здоровья	Бутусова Татьяна Юрьевна	ИНФРА-М:Научная мысль	1538	2366	35
Теория электрических цепей и электромагнитного поля. Сборник задач. Учебное пособие	Гаврилов Леонид Петрович	ИНФРА-М:Среднее профессиональное образование	1503	2312	35
Управленческая экономика. Анализ и диагностика деятельности предприятия. Учебное пособие	Кукукина Ирина Геннадьевна	ИНФРА-М:Высшее образование. Магистратура	2097	3226	35
Экономика знаний и цифровая трансформация бизнеса. Учебник	Кельчевская Наталья Рэмовна	ИНФРА-М:Высшее образование	2167	3334	35
Сделайте привычкой ваше счастье!	Грико Наталья	Общенациональная ассоциация молодых музыкантов, поэтов и прозаиков	350	538	35
Про Зюку и Казюку	Новлянская Зинаида	Общенациональная ассоциация молодых музыкантов, поэтов и прозаиков	811	1247	35
Как рождалось Солнце	Ершов Геннадий Данилович	Общенациональная ассоциация молодых музыкантов, поэтов и прозаиков	555	854	35
Удивительные приключения Кольки, Ленки и Мишки	Хомченко Вячеслав	Общенациональная ассоциация молодых музыкантов, поэтов и прозаиков	666	1025	35
Как в лучших домах... или Дело было в отпуске	Сергеева Наталья	Общенациональная ассоциация молодых музыкантов, поэтов и прозаиков	393	605	35
Сказки, были и небылицы дяди Сережи	Абрамов Федор Нилович	Общенациональная ассоциация молодых музыкантов, поэтов и прозаиков	350	538	35
Ётхи = Yotkhee. Пособие по английскому языку	Мартынов Андрей	Общенациональная ассоциация молодых музыкантов, поэтов и прозаиков	3017	4641	35
Сборник современных фантастов	Викулин Алексей	Общенациональная ассоциация молодых музыкантов, поэтов и прозаиков	2049	3152	35
Рубанок	Ботнарюк Петр	Общенациональная ассоциация молодых музыкантов, поэтов и прозаиков	245	377	35
(Не)реальная любовь	Величкова Йорданка	Общенациональная ассоциация молодых музыкантов, поэтов и прозаиков	437	672	35
Разведка. Рискованное решение	Кириллов Дмитрий	Общенациональная ассоциация молодых музыкантов, поэтов и прозаиков	507	780	35
Древнеславянские приключения	Косарь Дон	Общенациональная ассоциация молодых музыкантов, поэтов и прозаиков	1276	1963	35
Ходмор	Митюшин Игорь Юрьевич	Общенациональная ассоциация молодых музыкантов, поэтов и прозаиков	507	780	35
Меч Тамерлана, Книга вторая «Мы в дальней разлуке»	Позин Александр	Общенациональная ассоциация молодых музыкантов, поэтов и прозаиков	992	1526	35
Король Истван. Книга первая	Ремер Михаил	Общенациональная ассоциация молодых музыкантов, поэтов и прозаиков	931	1432	35
В журавлиный рассвет	Бакатин Владимир	Общенациональная ассоциация молодых музыкантов, поэтов и прозаиков	655	1008	35
Откроет ли Россия эпоху мира для всего мира?	Моисеев Степан	Общенациональная ассоциация молодых музыкантов, поэтов и прозаиков	308	474	35
Неодолимая сила обстоятельств	Позин Александр	Общенациональная ассоциация молодых музыкантов, поэтов и прозаиков	404	622	35
Журнал СовременникЪ №11. Спецвыпуск	Author not specified	Общенациональная ассоциация молодых музыкантов, поэтов и прозаиков	754	1160	35
Короли-чудотворцы	Блок Марк	Альма-Матер:Эпохи. Средние века. Исследования	1085	1809	40
Обреченные на связь. Эмоциональная зависимость в близких отношениях	Малейчук Геннадий Иванович	Альма-Матер:Методы психотерапии	785	1308	40
Семейные тайны	Олифирович Наталья Ивановна	Альма-Матер:Методы психотерапии	844	1407	40
Дневник Анны Франк. 12 июня 1942 – 1 августа 1944	Франк Анна	Книжники	577	888	35
Повести и рассказы	Гоголь Николай Васильевич	Омега-Л	922	1182	22
Улица святого Николая. Очерки и рассказы	Зайцев Борис Константинович	Омега-Л	886	1136	22
Чудесный доктор. Рассказы Бунина, Куприна, Чехова	Куприн Александр Иванович	Омега-Л	911	1168	22
Евангелие и молитвослов для детей	Author not specified	Христианская библиотека	1292	2154	40
Сын менестреля. Грейси Линдсей	Кронин Арчибалд Джозеф	Азбука:Азбука-Классика (мяг. обл.)	291	399	27
Двурожденные. Книга 4. Утраченный металл	Сандерсон Брендон	Азбука:Звезды новой фэнтези	830	1137	27
Сага о Видящих. Ученик убийцы. Королевский убийца. Комплект из 2-х книг	Хобб Робин	Азбука:Азбука-фантастика (мяг. обл.)	609	834	27
Ясновидящая. Судьба, которую она выбрала	Щерба Надежда	Амрита	331	509	35
Крах расовой теории. Возникновение и гибель древнейших цивилизаций	Белов Александр Иванович	Амрита	523	804	35
Магические методы коррекции человека	Кузнецов Е. А.	Амрита	640	984	35
Медитации недвойственного осознания. На основе тайного учения Шивы, изложенного в Рибху-гите	Неаполитанский Сергей Михайлович	Амрита	703	1082	35
Мудрость Срединного пути. Муламадхьямака-карика	Author not specified	Амрита	778	1197	35
Английский язык в схемах, таблицах, рисунках. 1-4 классы. ФГОС	Львова Мария Александровна	Эксмодетство:Наглядный справочник мл. школьника: 1–4кл	269	345	22
Литературное чтение в схемах, таблицах, рисунках. 1-4 классы. ФГОС	Куликова Ольга Николаевна	Эксмодетство:Наглядный справочник мл. школьника: 1–4кл	269	345	22
Окружающий мир в схемах, таблицах, рисунках. 1-4 классы. ФГОС	Горохова Анна Михайловна	Эксмодетство:Наглядный справочник мл. школьника: 1–4кл	269	345	22
Думай и богатей. Главная книга по обретению богатства	Хилл Наполеон	Бомбора:Хиты саморазвития	456	624	27
Территория чувств	Ронина Елена	Эксмо-Пресс:Близкие люди. Романы Елены Рониной (обл)	213	292	27
Падение дома Ашеров	По Эдгар Аллан	Эксмо:Всемирная литература (новое оформление)	239	328	27
Преступление и наказание	Достоевский Федор Михайлович	Эксмо	288	395	27
Человек-паук. Время славы. Том 2	Слотт Дэн	Комильфо:Человек-Паук. Избранное	2408	3299	27
White Fang	Лондон Джек	АСТ:Bilingua Best Classics	308	422	27
Календарь лунных дней на 2024 год. Астрологический прогноз	Борщ Татьяна	АСТ:Борщ. Календари 2024	208	285	27
Самый полный гороскоп на 2024 год. Астрологический прогноз для всех знаков Зодиака	Борщ Татьяна	АСТ:Борщ. Календари 2024	224	307	27
Гороскоп на 2024. Год Зеленого Дракона	Борщ Татьяна	АСТ:Борщ. Календари 2024	248	340	27
ЕГЭ-2024. Биология. 30 тренировочных вариантов экзаменационных работ для подготовки к ЕГЭ	Прилежаева Лариса Георгиевна	АСТ:ЕГЭ-2024. Большой сборник тренировочных вариантов	569	730	22
ОГЭ. Математика. Комплексная подготовка к основному государственному экзамену. Теория и практика	Мерзляк Аркадий Григорьевич	АСТ:Комплексная подготовка к ОГЭ	367	470	22
Полный курс обучающих занятий. 3-4 года	Дмитриева Валентина Геннадьевна	Малыш:Полный курс обучающих занятий	359	460	22
Как работает Google	Шмидт Эрик	Эксмо-Пресс:Бизнес. Pocket	498	682	27
Волшебный мир Хаяо Миядзаки. Календарь настенный на 2024 год	Author not specified	Эксмо-Пресс:Календари настенные 2024 (300х300)	327	448	27
"Гарри Поттер. Коллекция ""Аниме"". Календарь настенный на 2024 год"	Author not specified	Эксмо-Пресс:Календари настенные 2024 (300х300)	327	448	27
Невермор. Календарь настенный на 2024 год	Author not specified	Эксмо-Пресс:Календари настенные 2024 (300х300)	327	448	27
Мое тело	Ломбер Фабьен Окто	Эксмодетство:Интерактивные энциклопедии с колесиком, окошками	965	1322	27
Мои динозавры	Ломбер Фабьен Окто	Эксмодетство:Интерактивные энциклопедии с колесиком, окошками	965	1322	27
Мои животные	Ломбер Фабьен Окто	Эксмодетство:Интерактивные энциклопедии с колесиком, окошками	965	1322	27
Моя Земля	Ломбер Фабьен Окто	Эксмодетство:Интерактивные энциклопедии с колесиком, окошками	965	1322	27
A Forever Home for Fluffy	Chapman Linda	Nosy Crow:Forever Homes	1074	1534	30
We Made A Movie	Lo Charlotte	Nosy Crow	1075	1792	40
The Frost Castle Adventure	Hitchcock Fleur	Nosy Crow:Clifftoppers	1254	1792	30
The Thing At Black Hole Lake	Roberts Dashe	Nosy Crow:Sticky Pines	1254	1792	30
There’s a Mouse in My House	Collins Ross	Nosy Crow	1075	1792	40
A Treasury of Nursery Rhymes and Poems	Author not specified	Nosy Crow:Nosy Crow Classics	2687	3838	30
Following Frankenstein	Bruton Catherine	Nosy Crow	1331	2047	35
The House on the Edge	Cotter Alex	Nosy Crow	1331	2047	35
Waiting for Murder	Hitchcock Fleur	Nosy Crow	1331	2047	35
Where’s Mr Puffin?	Arrhenius Ingela P	Nosy Crow:Felt Flaps	1165	1792	35
Sometimes Babies . . .	Trounce Charlotte	Nosy Crow	1433	2047	30
When a Dragon Meets a Baby	Hart Caryl	Nosy Crow:When a Dragon	1254	1792	30
The Girl Who Planted Trees	Hart Caryl	Nosy Crow:Unicorn Academy: Where Magic Happens	1331	2047	35
Somewhere	Willis Jeanne	Nosy Crow	2328	3326	30
Somewhere	Willis Jeanne	Nosy Crow	1433	2047	30
And Everything Will Be Glad to See You	Risbridger Ella	Nosy Crow:Poetry Collections	3329	5122	35
This is a Dog	Collins Ross	Nosy Crow	1254	1792	30
Zara and Moonbeam	Sykes Julie	Nosy Crow:Unicorn Academy: Where Magic Happens	997	1534	35
The Helpful Hedgehog	Cobb Amelia	Nosy Crow:Zoe`s Rescue Zoo	920	1534	40
The Rowdy Red Panda	Cobb Amelia	Nosy Crow:Zoe`s Rescue Zoo	920	1534	40
The Runaway Reindeer	Cobb Amelia	Nosy Crow:Zoe`s Rescue Zoo	1074	1534	30
Tiptoe Tiger	Clarke Jane	Nosy Crow:Neon Picture Books	1165	1792	35
The Boy Who Met a Whale	Farook Nizrana	Nosy Crow	1433	2047	30
A Forever Home for Luna	Chapman Linda	Nosy Crow:Forever Homes	1074	1534	30
Mouse Heart	Hitchcock Fleur	Nosy Crow	1433	2047	30
Lyra and Misty	Sykes Julie	Nosy Crow:Unicorn Academy: Where Magic Happens	1074	1534	30
A Foal Called Storm	Peters Helen	Nosy Crow:Jasmine Green	1254	1792	30
The Enchanted Forest	Applebaum Kirsty	Nosy Crow:Princess Minna	1075	1792	40
Evie and Sunshine	Sykes Julie	Nosy Crow:Unicorn Academy: Where Magic Happens	1074	1534	30
A Monster Ate My Packed Lunch!	Butchart Pamela	Nosy Crow:Baby Aliens	1165	1792	35
A Forever Home for Tiger	Chapman Linda	Nosy Crow:Forever Homes	920	1534	40
The Unicorn Mix-Up	Applebaum Kirsty	Nosy Crow:Princess Minna	1075	1792	40
Ivy and Flame	Sykes Julie	Nosy Crow:Unicorn Academy: Where Magic Happens	920	1534	40
Ruffles and the Teeny Tiny Kittens	Melling David	Nosy Crow:Ruffles	1254	1792	30
We’re Going on a Pumpkin Hunt!	Hawk Goldie	Nosy Crow	1331	2047	35
Tomas and Ironskin	Chisholm Alastair	Nosy Crow:Dragon Storm	1165	1792	35
Mira and Flameteller	Chisholm Alastair	Nosy Crow:Dragon Storm	1075	1792	40
Cara and Silverthief	Chisholm Alastair	Nosy Crow:Dragon Storm	1254	1792	30
Magnificent Mabel and the Very Bad Birthday Party	Quayle Ruth	Nosy Crow:Magnificent Mabel	1074	1534	30
Where's Mrs Car?	Arrhenius Ingela P	Nosy Crow:Felt Flaps	1075	1792	40
Where's Mrs Cat?	Arrhenius Ingela P	Nosy Crow:Felt Flaps	1075	1792	40
Where's Mr Fire Engine?	Arrhenius Ingela P	Nosy Crow:Felt Flaps	1165	1792	35
Every Bunny is a Yoga Bunny	Davison Emily Ann	Nosy Crow:National Trust	1254	1792	30
Dino Chick	Butchart Pamela	Nosy Crow:Wigglesbottom Primary	1254	1792	30
The Talking Lamb	Butchart Pamela	Nosy Crow:Wigglesbottom Primary	1165	1792	35
Look What I Found at the Seaside	Butterfield Moira	Nosy Crow:National Trust	1075	1792	40
Alice Eclair, Spy Extraordinaire! A Recipe for Trouble	Todd Taylor Sarah	Nosy Crow	1331	2047	35
Axel Scheffler's Flip Flap Zoo	Scheffler Axel	Nosy Crow:Axel Scheffler`s Flip Flap	1498	2305	35
Always, Clementine	Sorosiak Carlie	Nosy Crow	1228	2047	40
Rabbit's Pancake Picnic	Evans Tegen	Nosy Crow	1165	1792	35
The Tree Book	Alice Hannah	Nosy Crow:Hannah Alice series	1831	2817	35
The Consequence Girl	Chisholm Alastair	Nosy Crow	1433	2047	30
The Runaway Rumblebear	Huddleston Tom	Nosy Crow:Cosmic Creatures	1074	1534	30
The Friendly Firecat	Huddleston Tom	Nosy Crow:Cosmic Creatures	920	1534	40
The Cat and the Rat and the Hat	Lynas Em	Nosy Crow	1165	1792	35
Sam Plants a Sunflower	Petty Kate	Nosy Crow:Axel Scheffler National Trust planting books	1791	2559	30
Tilly Plants a Tree	Scheffler Axel	Nosy Crow:Axel Scheffler National Trust planting books	1791	2559	30
Big Outdoors for Little Explorers. Countryside	Behl Anne-Kathrin	Nosy Crow:National Trust: Big Outdoors for Little Explorers	1165	1792	35
Big Outdoors for Little Explorers. Seaside	Behl Anne-Kathrin	Nosy Crow:National Trust: Big Outdoors for Little Explorers	1254	1792	30
Fledgling	Hope Lucy	Nosy Crow	1331	2047	35
ЕГЭ-2024. Физика. 10–11 классы. Тематический тренинг. Все типы заданий	Author not specified	Легион:Готовимся к ЕГЭ	375	577	35
ЕГЭ-2024 Химия. 10–11 классы. Тематический тренинг. Задания базового и повышенного уровней сложности	Author not specified	Легион:Готовимся к ЕГЭ	375	577	35
Ложные выводы. Том 6	Author not specified	Фантастика:Манга	773	1288	40
Школа молитвы	Митрополит Антоний Сурожский	Терирем	509	848	40
Мир всем	Богданова Ирина Анатольевна	Сибирская  Благозвонница	1440	2400	40
Куда бежит Фортуна?	Чернышова Евгения Николаевна	Феникс-Премьер:Давай дружить	687	881	22
Кафедра и трон. Переписка императора Александра I и профессора Г. Ф. Паррота	Author not specified	Новое литературное обозрение:Historia Rossica	1470	2262	35
Империя законности. Юридические перемены и культурное разнообразие в позднеимперской России	Author not specified	Новое литературное обозрение:Historia Rossica	928	1428	35
Путешествия трикстера. Мусульманин XVI века между мирами	Author not specified	Новое литературное обозрение:Интеллектуальная история	928	1428	35
Советские ветераны Второй мировой войны. Народное движение в авторитарном государстве, 1941–1991	Author not specified	"Новое литературное обозрение:Библиотека журнала ""Неприкосновенный запас"""	928	1428	35
Изобретение прав человека. История	Author not specified	"Новое литературное обозрение:Библиотека журнала ""Неприкосновенный запас"""	774	1191	35
И солнце взойдет	Оськина Варвара Алексеевна	АСТ:Mainstream. Как ориджинал	623	854	27
Станислав Жуковский. Лучшие картины	Астахов А. Ю.	Белый город:Большая художественная галерея	909	No discount	0
Хвост Скорпиона	Престон Дуглас	Азбука:Звезды мирового детектива (мяг)	253	347	27
Конец лета	Пилчер Розамунда	Азбука:The Big Book (мяг)	234	320	27
Школа Злословия. Дуэнья. Соперники	Шеридан Ричард Бринсли	Азбука:Азбука-Классика (мяг. обл.)	253	347	27
Как играли царскую Россию в Нью-Йорке. Музыка, эмигранты и воображение Америки	Author not specified	Academic Studies Press:Современная западная русистика	1196	1840	35
Японская интервенция в Сибири, 1918-1922	Author not specified	Academic Studies Press:Современное востоковедение	1313	2020	35
Достоевский и загадка личности	Корриган Юрий	Academic Studies Press:Современная западная русистика	1149	1768	35
Музыка Ренессанса. Одна культурная практика в мечтах и реальности	Люттекен Лауренц	Academic Studies Press:Современная евпропеистика	1102	1695	35
Собрание сочинений в шести томах. Том 6. Наука и просветительство	Гаспаров Михаил Леонович	Новое литературное обозрение	1856	2856	35
Вышивка Юки Кусано. Нежные анималистические картины	Кусано Юки	Эксмо:Шедевры мировой вышивки	1013	1388	27
ЕГЭ-2024. Биология. Тематические тренировочные задания	Лернер Георгий Исаакович	Эксмо-Пресс:ЕГЭ Тематические тренировочные задания (обложка)	419	537	22
Гид по детской безопасности для родителей дошкольников	Ван дер Занде Айрин	Феникс:Школа безопасности для детей и взрослых	792	1015	22
Диетология. Учебное пособие	Author not specified	Феникс:Высшее медицинское образование	1503	1927	22
Добуквенные прописи. Листочки, елочки, грибочки	Author not specified	Феникс:Игрошкола	151	194	22
Добуквенные прописи. Машины, самолеты, корабли	Author not specified	Феникс:Игрошкола	151	194	22
Добуквенные прописи. Мышки, птички, лягушки	Author not specified	Феникс:Игрошкола	151	194	22
Добуквенные прописи. Цветочки, пчелки, бабочки	Author not specified	Феникс:Игрошкола	151	194	22
Божий дар	Устинова Татьяна Витальевна	Эксмо-Пресс:Дела судебные: Т. Устинова, П. Астахов	270	370	27
Цыпленок Лисы Патрикеевны	Донцова Дарья Аркадьевна	Эксмо-Пресс:Иронический детектив (мяг) Донцова	295	No discount	0
Актриса на роль подозреваемой	Градова Ирина	Эксмо-Пресс:Кабинетный детектив (обл)	213	292	27
Молчание ягнят	Харрис Томас Энтони	Эксмо-Пресс:Криминальная классика (обл)	270	370	27
Дорога в алмазах	Серова Марина Сергеевна	Эксмо-Пресс:Русский бестселлер (мяг)	219	300	27
Призраки Замоскворечья	Князева Анна	Эксмо-Пресс:Таинственный детектив Анны Князевой. Нов.оформ	219	300	27
Свента	Осипов Максим Александрович	Corpus:Русский Corpus	1194	1635	27
Облачные деньги	Скотт Бретт	Corpus:economica	1031	1413	27
Секрет нашего успеха	Хенрик Джозеф	Corpus	1407	1928	27
Эльфийский тангенс	Бурокер Линдси	АСТ:Mainstream. Романтическое фэнтези	715	979	27
Солдаты третьей мировой	Михеев Михаил Александрович	АСТ:Боевая фантастика	533	730	27
Имперская академия магии	Недельская Оксана	АСТ:Волшебная академия	533	730	27
Еще более дикий Запад	Демина Карина	АСТ:Идеальное фэнтези. Романы Карины Деминой	533	730	27
Сравнять счет	Райан Кендалл	АСТ:Запретное желание	533	730	27
Демон плюс	Зотов Георгий Александрович	АСТ:Невероятный Zотов	577	791	27
Флорентийская чародейка	Рушди Салман	Corpus:Весь Салман Рушди	902	1236	27
Элирм. Двадцать первые	Готлейб Владимир Владимирович	АСТ:Фантастика новой волны	577	791	27
Тени в раю	Ремарк Эрих Мария	АСТ:Эксклюзивная классика	353	483	27
Самые интересные места мира	Author not specified	АСТ:Большой путеводитель по городам и времени	1894	2594	27
Шахматы. Большая энциклопедия	Ламбина Анна	АСТ:Большая энциклопедия увлечений	1407	1928	27
Ловушка диагноза. О психотерапевтах, которые изобретают все больше болезней и все меньше помогают	Мари Михаэль	АСТ:Высший курс	715	979	27
Люди, годы, жизнь. Под колесами времени	Эренбург Илья Григорьевич	АСТ:Диалог эпох	902	1236	27
"Монах, который продал свой ""феррари"". Притчи об исполнении желаний и поиске своего предназначения"	Шарма Робин	АСТ:Звезда нонфикшн. Подарочная	1194	1635	27
Фитнес для лица. Авторская система «ФейсСкульптор» — стань моложе на 10 лет за 15 минут в день	Чернявская Елена Валерьевна	АСТ:Звезда тренинга	604	827	27
Смартфон. Самый простой и самый быстрый самоучитель. Руководство для любого возраста	Жуков Иван	АСТ:Новейший самоучитель	487	667	27
Корабли. Иллюстрированная энциклопедия	Росс Дэвид	АСТ:Оружие и военная техника. Подарочная энциклопедия	1991	2728	27
Портнихи Освенцима. Правдивая история женщин, которые шили, чтобы выжить	Эдлингтон Люси	АСТ:Холокост. Правдивая история	604	827	27
Рожденная желать. Женская сила в реализации желаний	Покатилова Наталья Анатольевна	АСТ:Эксклюзив: тайные знания	420	575	27
3000 примеров по математике. 2 класс. Устный счет до 100. Табличное умножение и деление, сложение	Узорова Ольга Васильевна	АСТ:3000 примеров для начальной школы	147	189	22
Короткие диктанты с разбором всех орфограмм. 1-4 классы	Узорова Ольга Васильевна	АСТ:Абсолютная грамотность за 15 минут	181	232	22
Корабли мира. История, кораблестроение, мореплавание	Ван дер Векен Ян	Аванта:Большая энциклопедия обо всем на свете	902	1236	27
Белая гвардия	Булгаков Михаил Афанасьевич	АСТ:Эксклюзивная классика (Лучшее)	457	703	35
Слово живое и мертвое	Галь Нора	АСТ:Эксклюзивная классика (Лучшее)	475	730	35
Книга пяти колец	Миямото Мусаси	АСТ:Эксклюзивная классика (Лучшее)	416	640	35
Возвращение в дивный новый мир	Хаксли Олдос	АСТ:Эксклюзивная классика (Лучшее)	416	640	35
Черный монах	Чехов Антон Павлович	АСТ:Эксклюзивная классика (Лучшее)	475	730	35
Валуа. История французских королей	Лепенан Александра	АСТ:Династия	699	1075	35
Все книги о монахе, который продал свой «феррари».	Шарма Робин	АСТ:Законы мироздания	1208	1858	35
Техника удовольствия. Проводник в мир наслаждения	Author not specified	АСТ:Звезда Рунета	555	854	35
Бэнкси	Березанская Мария Давидовна	АСТ:МиниАрт. Мастера и шедевры	555	854	35
Магия времени от А до Я. Как научиться ускорять и замедлять жизнь	Бродерик Лиза	АСТ:Тайные знания от А до Я. Лучшее	514	791	35
Криптвоюматика 4.1. Стань сыном маминой подруги	Марков Алексей Викторович	АСТ:Эксклюзивный научпоп	434	667	35
Вальс Гормонов. Как по нотам: вес, сон, секс, красота и здоровье	Зубарева Наталья	АСТ:ЭКСКЛЮЗИВНО О ЗДОРОВЬЕ	393	605	35
Чтение. Работа с текстом. 1 класс	Узорова Ольга Васильевна	Малыш:Академия начального образования	131	201	35
Чтение. Работа с текстом. 2 класс	Узорова Ольга Васильевна	Малыш:Академия начального образования	131	201	35
Чтение. Работа с текстом. 3 класс	Узорова Ольга Васильевна	Малыш:Академия начального образования	131	201	35
Диктанты повышенной сложности. 1-4 класс	Узорова Ольга Васильевна	Малыш:Академия начального образования	221	340	35
Скоро-скоро Новый год! Стихи и песенки	Author not specified	Малыш:Библиотека для дошколят	231	356	35
Математика. Готовимся к ЕГЭ за 30 дней	Слонимский Лев Иосифович	АСТ:Готовимся к ЕГЭ за 30 дней	393	605	35
Английский язык. Готовимся к ОГЭ за 30 дней	Гудкова Лидия Михайловна	АСТ:Готовимся к ОГЭ за 30 дней	283	435	35
История. Готовимся к ОГЭ за 30 дней	Баранов Петр Анатольевич	АСТ:Готовимся к ОГЭ за 30 дней	299	460	35
Обществознание. Готовимся к ОГЭ за 30 дней	Баранов Петр Анатольевич	АСТ:Готовимся к ОГЭ за 30 дней	314	483	35
Тренажер по чистописанию. 1 класс. Послебукварный период. ФГОС	Козлова Маргарита Анатольевна	Экзамен:Тренажер	130	200	35
Зов сердца	Закалюжная Людмила	Т8:Маги Росвэнии	1848	2369	22
Дни Великой Пустоши. Изгой	Взгляд Дмитрий	Т8:Дни Великой Пустоши	1461	1873	22
Мечтатель	Троу Эльма	Т8	1373	1760	22
Книжки-малышки Я познаю мир	Author not specified	БимБиМон:Книжки-малышки	391	601	35
Блокнот для раскрашивания. Я визажист. Алиса	Author not specified	БимБиМон:Раскраска	191	294	35
Блокнот для раскрашивания. Я визажист. Аня	Author not specified	БимБиМон:Раскраска	191	294	35
Блокнот для раскрашивания. Я визажист. Василиса	Author not specified	БимБиМон:Раскраска	191	294	35
Блокнот для раскрашивания. Я визажист. Соня	Author not specified	БимБиМон:Раскраска	191	294	35
Ведьма и её питомцы	Бруша Анна	Т8	1743	2234	22
Книжка-игрушка Вырезалки. Единороги и принцессы	Author not specified	Феникс+:Вырезалки	138	212	35
Книжка-игрушка Вырезалки. Забавные зверушки	Author not specified	Феникс+:Вырезалки	138	212	35
Книжка-игрушка Оригами. Животные	Author not specified	Феникс+:Оригами	140	215	35
Стикеры для фанатов Аниме	Author not specified	Феникс+:Стикеры-наклейки	59	99	40
Стикеры для фанатов K-Pop	Author not specified	Феникс+:Стикеры-наклейки	59	99	40
Раскраска водная Новый год	Author not specified	Феникс+:Раскраска	148	227	35
Книжка-игрушка Оригами. Новый год	Author not specified	Феникс+:Оригами	140	215	35
Раскраска водная Единороги и сказочные персонажи	Author not specified	Феникс+:Раскраска	148	227	35
Раскраска водная Забавные зверушки	Author not specified	Феникс+:Раскраска	148	227	35
Книжка-раскраска для детей Соедини по точкам. Город будущего	Author not specified	Феникс+:Соедини по точкам	128	197	35
Книжка-раскраска для детей Соедини по точкам. Знаки зодиака	Author not specified	Феникс+:Соедини по точкам	128	197	35
Книжка с заданиями для детей Графические диктанты. Для дошкольников	Author not specified	Феникс+:Графические диктанты	86	133	35
Книжка с заданиями для детей Графические диктанты. Для школьников	Author not specified	Феникс+:Графические диктанты	86	133	35
Книжка Тренажёр по математике. Головоломки. Таблица умножения	Author not specified	Феникс+	63	97	35
Поединок в снежной пустыне	Сорокин Захар Артемович	Детская литература:Детям о Великой Отечественной войне	408	No discount	0
Большие гонки	Зенюк Рина	Детская литература:У нас в Котофеевке	633	No discount	0
Тайный дворец. Роман о големе и джинне	Уэкер Хелен	Иностранка:Большой роман	784	1206	35
Марко Поло. От Венеции до Ксанаду	Бергрин Лоуренс	КоЛибри:Исторический интерес	761	1171	35
Блеск и нищета русской литературы	Довлатов Сергей Донатович	Азбука:Азбука Premium (мини)	406	625	35
Представление	Довлатов Сергей Донатович	Азбука:Азбука Premium (мини)	406	625	35
Дневник провинциальной дамы	Делафилд Э.М.	Азбука:Азбука - бестселлер	542	834	35
Знание-сила. 2023. № 8	Author not specified	Журнал Знамя	343	527	35
Правила русского языка в таблицах и схемах	Арбатова Елизавета Алексеевна	Литера:Средняя школа	483	743	35
Mummies Unwrapped	Froese Tom	Nosy Crow:The British Museum	2150	3072	30
Cat Learns to Listen at Moonlight School	Puttock Simon	Nosy Crow:Moonlight school	1165	1792	35
Motivationssticker für den Unterricht. Aufkleber	Author not specified	Klett	2041	2915	30
Мотивация сердцем. 3 базовых принципа мотивации без условий	Author not specified	Манн, Иванов и Фербер:Психология на все времена	899	1232	27
Olivia's First Term	Gardner Lyn	Nosy Crow:Olivia	1075	1792	40
Danny Danger and the Cosmic Remote	Frost Adam	Nosy Crow:Danny Danger	1254	1792	30
